DATE,d,TNK,TRT,TotEggs,femwt,#FEM,eggs/fem,Eggs_gFem,#fert,#vbl,#fert/fem,#vbl/fem,#fert/gfem,#vbl/gfem,PctFert,PctVBL
06/08/10,1,1,control,7955,92.5,2,3977.5,86,1110.833333,465.8333333,555.4166667,232.9166667,12.00900901,5.036036036,27.92792793,11.71171171
06/09/10,2,1,control,10410.66667,92.5,2,5205.333333,112.5477477,1621.333333,1152,810.6666667,576,17.52792793,12.45405405,31.14754098,22.13114754
06/10/10,3,1,control,5903.333333,92.5,2,2951.666667,63.81981982,885.5,337.3333333,442.75,168.6666667,9.572972973,3.646846847,30,11.42857143
06/11/10,4,1,control,2620,92.5,2,1310,28.32432432,786,305.6666667,393,152.8333333,8.497297297,3.304504505,60,23.33333333
06/12/10,5,1,control,9621.666667,92.5,2,4810.833333,104.018018,1798.833333,794.8333333,899.4166667,397.4166667,19.44684685,8.592792793,37.39130435,16.52173913
06/13/10,6,1,control,8833.333333,92.5,2,4416.666667,95.4954955,1625,875,812.5,437.5,17.56756757,9.459459459,36.79245283,19.81132075
06/14/10,7,1,control,2938,92.5,2,1469,31.76216216,979.3333333,715.6666667,489.6666667,357.8333333,10.58738739,7.736936937,66.66666667,48.71794872
06/15/10,8,1,control,1573,92.5,2,786.5,17.00540541,452.8333333,333.6666667,226.4166667,166.8333333,4.895495495,3.607207207,57.57575758,42.42424242
06/16/10,9,1,control,2153.333333,92.5,2,1076.666667,23.27927928,728.3333333,538.3333333,364.1666667,269.1666667,7.873873874,5.81981982,67.64705882,50
06/17/10,10,1,control,11462.33333,92.5,2,5731.166667,123.9171171,41.83333333,41.83333333,20.91666667,20.91666667,0.452252252,0.452252252,0.729927007,0.729927007
06/18/10,11,1,control,5351.666667,86,2,2675.833333,62.22868217,169,84.5,84.5,42.25,1.965116279,0.98255814,6.315789474,3.157894737
06/19/10,12,1,control,1621.333333,86,2,810.6666667,18.85271318,266.6666667,170.6666667,133.3333333,85.33333333,3.100775194,1.984496124,32.89473684,21.05263158
06/20/10,13,1,control,3509.333333,86,2,1754.666667,40.80620155,282,188,141,94,3.279069767,2.186046512,16.07142857,10.71428571
06/21/10,14,1,control,1473.333333,86,2,736.6666667,17.13178295,255,198.3333333,127.5,99.16666667,2.965116279,2.30620155,34.61538462,26.92307692
06/22/10,15,1,control,3135,84.3,2,1567.5,37.1886121,0,0,0,0,0,0,0,0
06/23/10,16,1,control,336,84.3,2,168,3.985765125,0,0,0,0,0,0,0,0
06/24/10,17,1,control,276,84.3,2,138,3.274021352,0,0,0,0,0,0,0,0
06/25/10,18,1,control,540,84.3,2,270,6.40569395,0,0,0,0,0,0,0,0
06/26/10,19,1,control,5102.666667,85.9,2,2551.333333,59.4024059,802.6666667,759.6666667,401.3333333,379.8333333,9.344198681,8.843616608,31.46067416,29.7752809
06/27/10,20,1,control,6890,85.9,2,3445,80.20954598,208,169,104,84.5,2.421420256,1.967403958,6.037735849,4.905660377
06/28/10,21,1,control,566.6666667,85.9,2,283.3333333,6.596818005,0,0,0,0,0,0,0,0
06/29/10,22,1,control,8106.666667,85.9,2,4053.333333,94.37330229,456,228,228,114,5.308498254,2.654249127,11.25,5.625
06/30/10,23,1,control,2277.333333,85.9,2,1138.666667,26.51144742,122,61,61,30.5,1.420256112,0.710128056,10.71428571,5.357142857
07/01/10,24,1,control,396.6666667,83.8,2,198.3333333,4.733492442,46.66666667,17.5,23.33333333,8.75,0.556881464,0.208830549,23.52941176,8.823529412
06/08/10,1,2,0.75ug/kg,11440,73.6,2,5720,155.4347826,4387.5,910,2193.75,455,59.61277174,12.36413043,76.70454545,15.90909091
06/09/10,2,2,0.75ug/kg,8720,73.6,2,4360,118.4782609,3120,1040,1560,520,42.39130435,14.13043478,71.55963303,23.85321101
06/10/10,3,2,0.75ug/kg,6423.333333,73.6,2,3211.666667,87.27355072,2467.5,1175,1233.75,587.5,33.52581522,15.96467391,76.82926829,36.58536585
06/11/10,4,2,0.75ug/kg,7520,73.6,2,3760,102.173913,3008,1253.333333,1504,626.6666667,40.86956522,17.02898551,80,33.33333333
06/12/10,5,2,0.75ug/kg,6104,73.6,2,3052,82.93478261,1962,617.6666667,981,308.8333333,26.6576087,8.392210145,64.28571429,20.23809524
06/13/10,6,2,0.75ug/kg,5669.666667,73.6,2,2834.833333,77.03351449,1048.5,233,524.25,116.5,14.24592391,3.16576087,36.98630137,8.219178082
06/14/10,7,2,0.75ug/kg,4993.666667,73.6,2,2496.833333,67.84873188,1652.833333,984.6666667,826.4166667,492.3333333,22.45697464,13.37862319,66.1971831,39.43661972
06/15/10,8,2,0.75ug/kg,4956,73.6,2,2478,67.33695652,1534,737.5,767,368.75,20.8423913,10.02038043,61.9047619,29.76190476
06/16/10,9,2,0.75ug/kg,3528,73.6,2,1764,47.93478261,1296,432,648,216,17.60869565,5.869565217,73.46938776,24.48979592
06/17/10,10,2,0.75ug/kg,5280.333333,73.6,2,2640.166667,71.74365942,1663.666667,506.3333333,831.8333333,253.1666667,22.60416667,6.879528986,63.01369863,19.17808219
06/18/10,11,2,0.75ug/kg,4762.666667,72.6,2,2381.333333,65.60146924,1317.333333,557.3333333,658.6666667,278.6666667,18.14508724,7.676767677,55.31914894,23.40425532
06/19/10,12,2,0.75ug/kg,6939.666667,72.6,2,3469.833333,95.58769513,3119.666667,1496.166667,1559.833333,748.0833333,42.97061524,20.60835629,89.90825688,43.11926606
06/20/10,13,2,0.75ug/kg,4427,72.6,2,2213.5,60.97796143,776.6666667,427.1666667,388.3333333,213.5833333,10.69788797,5.883838384,35.0877193,19.29824561
06/21/10,14,2,0.75ug/kg,5148,72.6,2,2574,70.90909091,1188,627,594,313.5,16.36363636,8.636363636,46.15384615,24.35897436
06/22/10,15,2,0.75ug/kg,6337.333333,71.4,2,3168.666667,88.75816993,2123.333333,1274,1061.666667,637,29.73856209,17.84313725,67.01030928,40.20618557
06/23/10,16,2,0.75ug/kg,5146,71.4,2,2573,72.07282913,1736,868,868,434,24.31372549,12.15686275,67.46987952,33.73493976
06/24/10,17,2,0.75ug/kg,5698,71.4,2,2849,79.80392157,2284.333333,1026.666667,1142.166667,513.3333333,31.99346405,14.37908497,80.18018018,36.03603604
06/25/10,18,2,0.75ug/kg,4806,71.4,2,2403,67.31092437,1350,729,675,364.5,18.90756303,10.21008403,56.17977528,30.33707865
06/26/10,19,2,0.75ug/kg,5348,70,2,2674,76.4,1719,764,859.5,382,24.55714286,10.91428571,64.28571429,28.57142857
06/27/10,20,2,0.75ug/kg,6656,70,2,3328,95.08571429,2288,988,1144,494,32.68571429,14.11428571,68.75,29.6875
06/28/10,21,2,0.75ug/kg,4250,70,2,2125,60.71428571,651.6666667,255,325.8333333,127.5,9.30952381,3.642857143,30.66666667,12
06/29/10,22,2,0.75ug/kg,3552,70,2,1776,50.74285714,744,288,372,144,10.62857143,4.114285714,41.89189189,16.21621622
06/30/10,23,2,0.75ug/kg,3498.666667,70,2,1749.333333,49.98095238,1194.666667,469.3333333,597.3333333,234.6666667,17.06666667,6.704761905,68.29268293,26.82926829
07/01/10,24,2,0.75ug/kg,7093.333333,67,2,3546.666667,105.8706468,1976,1064,988,532,29.49253731,15.88059701,55.71428571,30
06/08/10,1,3,0.075ug/kg,4573.333333,57.2,2,2286.666667,79.95337995,294,196,147,98,5.13986014,3.426573427,12.85714286,8.571428571
06/09/10,2,3,0.075ug/kg,4187,57.2,2,2093.5,73.1993007,1540.5,987.5,770.25,493.75,26.93181818,17.26398601,73.58490566,47.16981132
06/10/10,3,3,0.075ug/kg,4994,57.2,2,2497,87.30769231,1399.833333,567.5,699.9166667,283.75,24.47261072,9.921328671,56.06060606,22.72727273
06/11/10,4,3,0.075ug/kg,4440,57.2,2,2220,77.62237762,140,20,70,10,2.447552448,0.34965035,6.306306306,0.900900901
06/12/10,5,3,0.075ug/kg,3850,57.2,2,1925,67.30769231,0,0,0,0,0,0,0,0
06/13/10,6,3,0.075ug/kg,2938.666667,57.2,2,1469.333333,51.37529138,928,328.6666667,464,164.3333333,16.22377622,5.745920746,63.15789474,22.36842105
06/14/10,7,3,0.075ug/kg,2068,57.2,2,1034,36.15384615,485.6666667,282,242.8333333,141,8.490675991,4.93006993,46.96969697,27.27272727
06/15/10,8,3,0.075ug/kg,1778,57.2,2,889,31.08391608,0,0,0,0,0,0,0,0
06/16/10,9,3,0.075ug/kg,759,57.2,2,379.5,13.26923077,0,0,0,0,0,0,0,0
06/17/10,10,3,0.075ug/kg,990,57.2,2,495,17.30769231,0,0,0,0,0,0,0,0
06/18/10,11,3,0.075ug/kg,1404.666667,58,2,702.3333333,24.2183908,372.6666667,258,186.3333333,129,6.425287356,4.448275862,53.06122449,36.73469388
06/19/10,12,3,0.075ug/kg,1646.666667,58,2,823.3333333,28.3908046,0,0,0,0,0,0,0,0
06/20/10,13,3,0.075ug/kg,1755,58,2,877.5,30.25862069,0,0,0,0,0,0,0,0
06/21/10,14,3,0.075ug/kg,1312,58,2,656,22.62068966,0,0,0,0,0,0,0,0
06/22/10,15,3,0.075ug/kg,1027.333333,57.2,2,513.6666667,17.96037296,0,0,0,0,0,0,0,0
06/23/10,16,3,0.075ug/kg,1748.666667,57.2,2,874.3333333,30.57109557,203.3333333,91.5,101.6666667,45.75,3.554778555,1.59965035,23.25581395,10.46511628
06/24/10,17,3,0.075ug/kg,1892,57.2,2,946,33.07692308,530.3333333,301,265.1666667,150.5,9.271561772,5.262237762,56.06060606,31.81818182
06/25/10,18,3,0.075ug/kg,888.6666667,57.2,2,444.3333333,15.53613054,0,0,0,0,0,0,0,0
06/26/10,19,3,0.075ug/kg,1664,55.6,2,832,29.92805755,0,0,0,0,0,0,0,0
06/27/10,20,3,0.075ug/kg,1944,55.6,2,972,34.96402878,0,0,0,0,0,0,0,0
06/28/10,21,3,0.075ug/kg,994,55.6,2,497,17.87769784,0,0,0,0,0,0,0,0
06/29/10,22,3,0.075ug/kg,481.3333333,55.6,2,240.6666667,8.657074341,0,0,0,0,0,0,0,0
06/30/10,23,3,0.075ug/kg,66,55.6,2,33,1.18705036,0,0,0,0,0,0,0,0
07/01/10,24,3,0.075ug/kg,35,54.2,2,17.5,0.645756458,0,0,0,0,0,0,0,0
06/08/10,1,4,0.075ug/kg,7665,82,2,3832.5,93.47560976,3029.5,1168,1514.75,584,36.94512195,14.24390244,79.04761905,30.47619048
06/09/10,2,4,0.075ug/kg,6177.333333,82,2,3088.666667,75.33333333,2222.333333,1130,1111.166667,565,27.10162602,13.7804878,71.95121951,36.58536585
06/10/10,3,4,0.075ug/kg,7533.333333,82,2,3766.666667,91.8699187,3200,1266.666667,1600,633.3333333,39.02439024,15.44715447,84.95575221,33.62831858
06/11/10,4,4,0.075ug/kg,4900,82,2,2450,59.75609756,1645,455,822.5,227.5,20.06097561,5.548780488,67.14285714,18.57142857
06/12/10,5,4,0.075ug/kg,6102,82,2,3051,74.41463415,1017,188.3333333,508.5,94.16666667,12.40243902,2.296747967,33.33333333,6.172839506
06/13/10,6,4,0.075ug/kg,6317.333333,82,2,3158.666667,77.04065041,1854,824,927,412,22.6097561,10.04878049,58.69565217,26.08695652
06/14/10,7,4,0.075ug/kg,7833.333333,82,2,3916.666667,95.52845528,1214.166667,509.1666667,607.0833333,254.5833333,14.80691057,6.209349593,31,13
06/15/10,8,4,0.075ug/kg,6733.333333,82,2,3366.666667,82.11382114,976.3333333,370.3333333,488.1666667,185.1666667,11.90650407,4.516260163,29,11
06/16/10,9,4,0.075ug/kg,7789.333333,82,2,3894.666667,94.99186992,2361.333333,981.3333333,1180.666667,490.6666667,28.79674797,11.96747967,60.62992126,25.19685039
06/17/10,10,4,0.075ug/kg,5886,82,2,2943,71.7804878,1453.333333,545,726.6666667,272.5,17.72357724,6.646341463,49.38271605,18.51851852
06/18/10,11,4,0.075ug/kg,8358,81.8,2,4179,102.1760391,331.6666667,0,165.8333333,0,4.054604727,0,7.936507937,0
06/19/10,12,4,0.075ug/kg,8473.333333,81.8,2,4236.666667,103.5859821,580.8333333,307.5,290.4166667,153.75,7.100651997,3.759168704,13.70967742,7.258064516
06/20/10,13,4,0.075ug/kg,9102,81.8,2,4551,111.2713936,2173,820,1086.5,410,26.56479218,10.02444988,47.74774775,18.01801802
06/21/10,14,4,0.075ug/kg,4555.666667,81.8,2,2277.833333,55.69274654,836.1666667,374.8333333,418.0833333,187.4166667,10.22208639,4.582314588,36.70886076,16.4556962
06/22/10,15,4,0.075ug/kg,5320,78.7,2,2660,67.59847522,886.6666667,316.6666667,443.3333333,158.3333333,11.26641254,4.023718763,33.33333333,11.9047619
06/23/10,16,4,0.075ug/kg,5632,78.7,2,2816,71.56289708,704,192,352,96,8.945362135,2.439644219,25,6.818181818
06/24/10,17,4,0.075ug/kg,4525,78.7,2,2262.5,57.49682338,1448,573.1666667,724,286.5833333,18.39898348,7.282930961,64,25.33333333
06/25/10,18,4,0.075ug/kg,3588,78.7,2,1794,45.59085133,754,520,377,260,9.58068615,6.607369759,42.02898551,28.98550725
06/26/10,19,4,0.075ug/kg,1720,79.2,2,860,21.71717172,372.6666667,172,186.3333333,86,4.705387205,2.171717172,43.33333333,20
06/27/10,20,4,0.075ug/kg,6127.333333,79.2,2,3063.666667,77.36531987,546,273,273,136.5,6.893939394,3.446969697,17.82178218,8.910891089
06/28/10,21,4,0.075ug/kg,4537.333333,79.2,2,2268.666667,57.28956229,276.6666667,193.6666667,138.3333333,96.83333333,3.493265993,2.445286195,12.19512195,8.536585366
06/29/10,22,4,0.075ug/kg,3355,79.2,2,1677.5,42.36111111,495,357.5,247.5,178.75,6.25,4.513888889,29.50819672,21.31147541
06/30/10,23,4,0.075ug/kg,740,79.2,2,370,9.343434343,203.5,129.5,101.75,64.75,2.569444444,1.63510101,55,35
07/01/10,24,4,0.075ug/kg,3168,77.2,2,1584,41.03626943,616,410.6666667,308,205.3333333,7.979274611,5.319516408,38.88888889,25.92592593
06/08/10,1,5,0.075ug/kg,5724,59.2,2,2862,96.68918919,1978.666667,777.3333333,989.3333333,388.6666667,33.42342342,13.13063063,69.13580247,27.16049383
06/09/10,2,5,0.075ug/kg,4638.666667,59.2,2,2319.333333,78.35585586,1988,946.6666667,994,473.3333333,33.58108108,15.99099099,85.71428571,40.81632653
06/10/10,3,5,0.075ug/kg,4408,59.2,2,2204,74.45945946,1178,494,589,247,19.89864865,8.344594595,53.44827586,22.4137931
06/11/10,4,5,0.075ug/kg,4611,59.2,2,2305.5,77.88851351,1113,450.5,556.5,225.25,18.80067568,7.609797297,48.27586207,19.54022989
06/12/10,5,5,0.075ug/kg,5483.333333,59.2,2,2741.666667,92.62387387,1866.666667,898.3333333,933.3333333,449.1666667,31.53153153,15.17454955,68.08510638,32.76595745
06/13/10,6,5,0.075ug/kg,5953.333333,59.2,2,2976.666667,100.5630631,1900,823.3333333,950,411.6666667,32.09459459,13.90765766,63.82978723,27.65957447
06/14/10,7,5,0.075ug/kg,4399.666667,59.2,2,2199.833333,74.31869369,1477.5,689.5,738.75,344.75,24.95777027,11.64695946,67.1641791,31.34328358
06/15/10,8,5,0.075ug/kg,4666.666667,59.2,2,2333.333333,78.82882883,1050,495.8333333,525,247.9166667,17.73648649,8.375563063,45,21.25
06/16/10,9,5,0.075ug/kg,5577,59.2,2,2788.5,94.20608108,2281.5,1098.5,1140.75,549.25,38.53885135,18.55574324,81.81818182,39.39393939
06/17/10,10,5,0.075ug/kg,6279,59.2,2,3139.5,106.0641892,1552.5,621,776.25,310.5,26.22466216,10.48986486,49.45054945,19.78021978
06/18/10,11,5,0.075ug/kg,7458,59.2,2,3729,125.9797297,1320,528,660,264,22.2972973,8.918918919,35.39823009,14.15929204
06/19/10,12,5,0.075ug/kg,6912,59.2,2,3456,116.7567568,3232,1344,1616,672,54.59459459,22.7027027,93.51851852,38.88888889
06/20/10,13,5,0.075ug/kg,5723.333333,59.2,2,2861.666667,96.67792793,1548.666667,707,774.3333333,353.5,26.15990991,11.94256757,54.11764706,24.70588235
06/21/10,14,5,0.075ug/kg,4830,59.2,2,2415,81.58783784,840,420,420,210,14.18918919,7.094594595,34.7826087,17.39130435
06/22/10,15,5,0.075ug/kg,5226,57.6,2,2613,90.72916667,1608,770.5,804,385.25,27.91666667,13.37673611,61.53846154,29.48717949
06/23/10,16,5,0.075ug/kg,4656,57.6,2,2328,80.83333333,355.6666667,161.6666667,177.8333333,80.83333333,6.174768519,2.806712963,15.27777778,6.944444444
06/24/10,17,5,0.075ug/kg,5191.666667,57.6,2,2595.833333,90.13310185,1633.333333,875,816.6666667,437.5,28.35648148,15.19097222,62.92134831,33.70786517
06/25/10,18,5,0.075ug/kg,4315.666667,57.6,2,2157.833333,74.92476852,80.66666667,40.33333333,40.33333333,20.16666667,1.400462963,0.700231481,3.738317757,1.869158879
06/26/10,19,5,0.075ug/kg,5449.333333,57.5,2,2724.666667,94.77101449,1317.666667,580.6666667,658.8333333,290.3333333,22.91594203,10.09855072,48.36065574,21.31147541
06/27/10,20,5,0.075ug/kg,5553.333333,57.5,2,2776.666667,96.57971014,1143.333333,513.3333333,571.6666667,256.6666667,19.88405797,8.927536232,41.17647059,18.48739496
06/28/10,21,5,0.075ug/kg,4686,57.5,2,2343,81.49565217,1420,686.3333333,710,343.1666667,24.69565217,11.93623188,60.60606061,29.29292929
06/29/10,22,5,0.075ug/kg,2426.666667,57.5,2,1213.333333,42.20289855,805,455,402.5,227.5,14,7.913043478,66.34615385,37.5
06/30/10,23,5,0.075ug/kg,2738.666667,57.5,2,1369.333333,47.62898551,554.6666667,242.6666667,277.3333333,121.3333333,9.646376812,4.220289855,40.50632911,17.72151899
07/01/10,24,5,0.075ug/kg,3281.333333,55.4,2,1640.666667,59.22984356,945.1666667,392.3333333,472.5833333,196.1666667,17.06077016,7.081829122,57.60869565,23.91304348
06/08/10,1,6,0.75ug/kg,8170.333333,82.8,2,4085.166667,98.67552335,3120.166667,1254.5,1560.083333,627.25,37.6831723,15.15096618,76.37795276,30.70866142
06/09/10,2,6,0.75ug/kg,6516.666667,82.8,2,3258.333333,78.7037037,198.3333333,85,99.16666667,42.5,2.395330113,1.026570048,6.086956522,2.608695652
06/10/10,3,6,0.75ug/kg,6938.333333,82.8,2,3469.166667,83.7962963,1146.333333,452.5,573.1666667,226.25,13.84460548,5.464975845,33.04347826,13.04347826
06/11/10,4,6,0.75ug/kg,7872.333333,82.8,2,3936.166667,95.07648953,3413.666667,940.5,1706.833333,470.25,41.22785829,11.35869565,86.72566372,23.89380531
06/12/10,5,6,0.75ug/kg,3526,82.8,2,1763,42.58454106,1548,688,774,344,18.69565217,8.309178744,87.80487805,39.02439024
06/13/10,6,6,0.75ug/kg,9203.333333,82.8,2,4601.666667,111.1513688,1757,753,878.5,376.5,21.21980676,9.094202899,38.18181818,16.36363636
06/14/10,7,6,0.75ug/kg,8260,82.8,2,4130,99.75845411,2950,1180,1475,590,35.62801932,14.25120773,71.42857143,28.57142857
06/15/10,8,6,0.75ug/kg,11616.66667,82.8,2,5808.333333,140.2979066,4441.666667,1400.833333,2220.833333,700.4166667,53.64331723,16.91827697,76.47058824,24.11764706
06/16/10,9,6,0.75ug/kg,10504,82.8,2,5252,126.8599034,3737,1346.666667,1868.5,673.3333333,45.13285024,16.26409018,71.15384615,25.64102564
06/17/10,10,6,0.75ug/kg,5925,82.8,2,2962.5,71.55797101,1537.5,675,768.75,337.5,18.56884058,8.152173913,51.89873418,22.78481013
06/18/10,11,6,0.75ug/kg,8102.666667,79.5,2,4051.333333,101.9203354,2281.333333,1022.666667,1140.666667,511.3333333,28.69601677,12.86373166,56.31067961,25.24271845
06/19/10,12,6,0.75ug/kg,10730,79.5,2,5365,134.9685535,1369,851,684.5,425.5,17.22012579,10.70440252,25.51724138,15.86206897
06/20/10,13,6,0.75ug/kg,9225,79.5,2,4612.5,116.0377358,2737.5,1087.5,1368.75,543.75,34.43396226,13.67924528,59.3495935,23.57723577
06/21/10,14,6,0.75ug/kg,5936,79.5,2,2968,74.66666667,2226,1024.666667,1113,512.3333333,28,12.88888889,75,34.52380952
06/22/10,15,6,0.75ug/kg,4875,76.8,2,2437.5,63.4765625,1755,780,877.5,390,22.8515625,10.15625,72,32
06/23/10,16,6,0.75ug/kg,4599,76.8,2,2299.5,59.8828125,1669.5,945,834.75,472.5,21.73828125,12.3046875,72.60273973,41.09589041
06/24/10,17,6,0.75ug/kg,3634,76.8,2,1817,47.31770833,1426,805,713,402.5,18.56770833,10.48177083,78.48101266,44.30379747
06/25/10,18,6,0.75ug/kg,2233.333333,76.8,2,1116.666667,29.07986111,714.6666667,424.3333333,357.3333333,212.1666667,9.305555556,5.525173611,64,38
06/26/10,19,6,0.75ug/kg,4290,75.7,2,2145,56.67107001,1650,880,825,440,21.79656539,11.62483487,76.92307692,41.02564103
06/27/10,20,6,0.75ug/kg,3375.333333,75.7,2,1687.666667,44.5882871,569.3333333,244,284.6666667,122,7.520915896,3.22324967,33.73493976,14.45783133
06/28/10,21,6,0.75ug/kg,2590,75.7,2,1295,34.21400264,980,525,490,262.5,12.94583884,6.935270806,75.67567568,40.54054054
06/29/10,22,6,0.75ug/kg,2314,75.7,2,1157,30.5680317,312,91,156,45.5,4.121532365,1.202113606,26.96629213,7.865168539
06/30/10,23,6,0.75ug/kg,2464,75.7,2,1232,32.54953765,671,374,335.5,187,8.863936592,4.940554822,54.46428571,30.35714286
07/01/10,24,6,0.75ug/kg,3875,70.1,2,1937.5,55.27817404,1379.5,1038.5,689.75,519.25,19.67902996,14.81455064,71.2,53.6
06/08/10,1,7,0.075ug/kg,8974.666667,83.1,2,4487.333333,107.9983955,1060,530,530,265,12.755716,6.377858002,23.62204724,11.81102362
06/09/10,2,7,0.075ug/kg,6090,83.1,2,3045,73.28519856,2100,840,1050,420,25.27075812,10.10830325,68.96551724,27.5862069
06/10/10,3,7,0.075ug/kg,7326,83.1,2,3663,88.15884477,703,370,351.5,185,8.459687124,4.452466907,19.19191919,10.1010101
06/11/10,4,7,0.075ug/kg,8750,83.1,2,4375,105.2948255,0,0,0,0,0,0,0,0
06/12/10,5,7,0.075ug/kg,8588,83.1,2,4294,103.345367,753.3333333,339,376.6666667,169.5,9.065383073,4.079422383,17.54385965,7.894736842
06/13/10,6,7,0.075ug/kg,5776,83.1,2,2888,69.50661853,456,76,228,38,5.487364621,0.91456077,15.78947368,2.631578947
06/14/10,7,7,0.075ug/kg,5782,83.1,2,2891,69.5788207,1563.5,354,781.75,177,18.81468111,4.259927798,54.08163265,12.24489796
06/15/10,8,7,0.075ug/kg,4947.333333,83.1,2,2473.666667,59.53469715,1116.166667,30.16666667,558.0833333,15.08333333,13.4316085,0.363016446,45.12195122,1.219512195
06/16/10,9,7,0.075ug/kg,5725.666667,83.1,2,2862.833333,68.90092258,0,0,0,0,0,0,0,0
06/17/10,10,7,0.075ug/kg,3476,83.1,2,1738,41.82912154,1221,396,610.5,198,14.69314079,4.76534296,70.25316456,22.78481013
06/18/10,11,7,0.075ug/kg,4332,82,2,2166,52.82926829,57,57,28.5,28.5,0.695121951,0.695121951,2.631578947,2.631578947
06/19/10,12,7,0.075ug/kg,5740,82,2,2870,70,0,0,0,0,0,0,0,0
06/20/10,13,7,0.075ug/kg,5700,82,2,2850,69.51219512,63.33333333,63.33333333,31.66666667,31.66666667,0.772357724,0.772357724,2.222222222,2.222222222
06/21/10,14,7,0.075ug/kg,3265.333333,82,2,1632.666667,39.82113821,0,0,0,0,0,0,0,0
06/22/10,15,7,0.075ug/kg,2660,80.6,2,1330,33.00248139,0,0,0,0,0,0,0,0
06/23/10,16,7,0.075ug/kg,2622,80.6,2,1311,32.53101737,133,0,66.5,0,1.650124069,0,10.14492754,0
06/24/10,17,7,0.075ug/kg,2825.666667,80.6,2,1412.833333,35.05789909,0,0,0,0,0,0,0,0
06/25/10,18,7,0.075ug/kg,2003.8,80.6,2,1001.9,24.86104218,0,0,0,0,0,0,0,0
06/26/10,19,7,0.075ug/kg,2751.666667,80.3,2,1375.833333,34.26733084,0,0,0,0,0,0,0,0
06/27/10,20,7,0.075ug/kg,2126.666667,80.3,2,1063.333333,26.48401826,0,0,0,0,0,0,0,0
06/28/10,21,7,0.075ug/kg,1677.333333,80.3,2,838.6666667,20.88833541,22.66666667,22.66666667,11.33333333,11.33333333,0.282274803,0.282274803,2.702702703,2.702702703
06/29/10,22,7,0.075ug/kg,1586,80.3,2,793,19.750934,0,0,0,0,0,0,0,0
06/30/10,23,7,0.075ug/kg,1170,80.3,2,585,14.57036115,0,0,0,0,0,0,0,0
07/01/10,24,7,0.075ug/kg,1288,77.1,2,644,16.70557717,28,0,14,0,0.363164721,0,4.347826087,0
06/08/10,1,8,0.75ug/kg,7989.333333,102.8,2,3994.666667,77.71725032,1284,606.3333333,642,303.1666667,12.49027237,5.898184176,32.14285714,15.17857143
06/09/10,2,8,0.75ug/kg,3266.666667,102.8,2,1633.333333,31.7769131,1026.666667,373.3333333,513.3333333,186.6666667,9.987029831,3.631647211,62.85714286,22.85714286
06/10/10,3,8,0.75ug/kg,4485,102.8,2,2242.5,43.62840467,682.5,325,341.25,162.5,6.639105058,3.161478599,30.43478261,14.49275362
06/11/10,4,8,0.75ug/kg,2697,102.8,2,1348.5,26.23540856,928,290,464,145,9.027237354,2.821011673,68.8172043,21.50537634
06/12/10,5,8,0.75ug/kg,4778.666667,102.8,2,2389.333333,46.48508431,469.3333333,213.3333333,234.6666667,106.6666667,4.565499351,2.075226978,19.64285714,8.928571429
06/13/10,6,8,0.75ug/kg,11444.33333,102.8,2,5722.166667,111.3261997,370.5,82.33333333,185.25,41.16666667,3.604085603,0.800907912,6.474820144,1.438848921
06/14/10,7,8,0.75ug/kg,164.6666667,102.8,2,82.33333333,1.601815824,0,0,0,0,0,0,0,0
06/15/10,8,8,0.75ug/kg,6851,102.8,2,3425.5,66.64396887,221,73.66666667,110.5,36.83333333,2.149805447,0.716601816,6.451612903,2.150537634
06/16/10,9,8,0.75ug/kg,7033.333333,102.8,2,3516.666667,68.41763943,35.16666667,35.16666667,17.58333333,17.58333333,0.342088197,0.342088197,1,1
06/17/10,10,8,0.75ug/kg,3600,102.8,2,1800,35.01945525,216,216,108,108,2.101167315,2.101167315,0,0
06/18/10,11,8,0.75ug/kg,108.3333333,97.4,2,54.16666667,1.112251882,0,0,0,0,0,0,0,0
06/19/10,12,8,0.75ug/kg,3933.333333,97.4,2,1966.666667,40.38329911,39.33333333,39.33333333,19.66666667,19.66666667,0.403832991,0.403832991,2,2
06/20/10,13,8,0.75ug/kg,351,97.4,2,175.5,3.603696099,0,0,0,0,0,0,0,0
06/21/10,14,8,0.75ug/kg,133,97.4,2,66.5,1.36550308,0,0,0,0,0,0,0,0
06/22/10,15,8,0.75ug/kg,1691.333333,96.9,2,845.6666667,17.45442036,0,0,0,0,0,0,0,0
06/23/10,16,8,0.75ug/kg,48,96.9,2,24,0.495356037,0,0,0,0,0,0,0,0
06/24/10,17,8,0.75ug/kg,986,96.9,2,493,10.1754386,0,0,0,0,0,0,0,0
06/25/10,18,8,0.75ug/kg,112,96.9,2,56,1.155830753,0,0,0,0,0,0,0,0
06/26/10,19,8,0.75ug/kg,0,97.4,2,0,0,0,0,0,0,0,0,0,0
06/27/10,20,8,0.75ug/kg,1166,97.4,2,583,11.97125257,0,0,0,0,0,0,0,0
06/28/10,21,8,0.75ug/kg,1064,97.4,2,532,10.92402464,0,0,0,0,0,0,0,0
06/29/10,22,8,0.75ug/kg,52,97.4,2,26,0.533880903,0,0,0,0,0,0,0,0
06/30/10,23,8,0.75ug/kg,1536,97.4,2,768,15.77002053,0,0,0,0,0,0,0,0
07/01/10,24,8,0.75ug/kg,41.33333333,94.6,2,20.66666667,0.436927414,0,0,0,0,0,0,0,0
06/08/10,1,9,control,10675.33333,87.8,2,5337.666667,121.58694,3346,876.3333333,1673,438.1666667,38.10933941,9.981017464,62.68656716,16.41791045
06/09/10,2,9,control,8602,87.8,2,4301,97.97266515,3331.166667,969.8333333,1665.583333,484.9166667,37.94039484,11.04593774,77.45098039,22.54901961
06/10/10,3,9,control,10486,87.8,2,5243,119.4305239,4458.333333,1212.666667,2229.166667,606.3333333,50.77828398,13.81169324,85.03401361,23.1292517
06/11/10,4,9,control,10010,87.8,2,5005,114.0091116,2310,423.5,1155,211.75,26.30979499,4.823462415,46.15384615,8.461538462
06/12/10,5,9,control,9434.666667,87.8,2,4717.333333,107.4563402,3634.666667,1160,1817.333333,580,41.39711465,13.2118451,77.04918033,24.59016393
06/13/10,6,9,control,8632,87.8,2,4316,98.3143508,2241,788.5,1120.5,394.25,25.523918,8.980637813,51.92307692,18.26923077
06/14/10,7,9,control,9276.666667,87.8,2,4638.333333,105.6567957,2823.333333,685.6666667,1411.666667,342.8333333,32.1564161,7.809415338,60.86956522,14.7826087
06/15/10,8,9,control,11165,87.8,2,5582.5,127.1640091,2194.5,962.5,1097.25,481.25,24.99430524,10.96241458,39.31034483,17.24137931
06/16/10,9,9,control,9100,87.8,2,4550,103.6446469,1925,875,962.5,437.5,21.92482916,9.965831435,42.30769231,19.23076923
06/17/10,10,9,control,6526.666667,87.8,2,3263.333333,74.33561124,1356.666667,806.6666667,678.3333333,403.3333333,15.45178436,9.187547456,41.57303371,24.71910112
06/18/10,11,9,control,9292,83.7,2,4646,111.0155317,2592.333333,1010,1296.166667,505,30.97172441,12.06690562,55.79710145,21.73913043
06/19/10,12,9,control,5931.333333,83.7,2,2965.666667,70.86419753,1121.166667,614.8333333,560.5833333,307.4166667,13.39506173,7.345679012,37.80487805,20.73170732
06/20/10,13,9,control,6446.333333,83.7,2,3223.166667,77.01712465,1514.5,737.8333333,757.25,368.9166667,18.09438471,8.815213063,46.98795181,22.89156627
06/21/10,14,9,control,4810,41.5,1,4810,115.9036145,3268.333333,1295,3268.333333,1295,78.75502008,31.20481928,67.94871795,26.92307692
06/22/10,15,9,control,6372,41.5,1,6372,153.5421687,3240,1566,3240,1566,78.07228916,37.73493976,50.84745763,24.57627119
06/23/10,16,9,control,4800,41.5,1,4800,115.6626506,3420,1920,3420,1920,82.40963855,46.26506024,71.25,40
06/24/10,17,9,control,5709,41.5,1,5709,137.5662651,2825.666667,1211,2825.666667,1211,68.08835341,29.18072289,49.49494949,21.21212121
06/25/10,18,9,control,5749.333333,41.5,1,5749.333333,138.5381526,3028.666667,1437.333333,3028.666667,1437.333333,72.97991968,34.63453815,52.67857143,25
06/26/10,19,9,control,4000,42.5,1,4000,94.11764706,2400,1300,2400,1300,56.47058824,30.58823529,60,32.5
06/27/10,20,9,control,3710,42.5,1,3710,87.29411765,2014,742,2014,742,47.38823529,17.45882353,54.28571429,20
06/28/10,21,9,control,3773,42.5,1,3773,88.77647059,2352,1127,2352,1127,55.34117647,26.51764706,62.33766234,29.87012987
06/29/10,22,9,control,4300,42.5,1,4300,101.1764706,2350,850,2350,850,55.29411765,20,54.65116279,19.76744186
06/30/10,23,9,control,3458,42.5,1,3458,81.36470588,2438.333333,753.6666667,2438.333333,753.6666667,57.37254902,17.73333333,70.51282051,21.79487179
07/01/10,24,9,control,4341.333333,41.5,1,4341.333333,104.6104418,740,394.6666667,740,394.6666667,17.8313253,9.510040161,17.04545455,9.090909091
06/08/10,1,10,0.075ug/kg,14301.33333,84.5,2,7150.666667,169.2465483,2976,1240,1488,620,35.21893491,14.67455621,41.61849711,17.34104046
06/09/10,2,10,0.075ug/kg,10000,84.5,2,5000,118.3431953,4360,1320,2180,660,51.59763314,15.62130178,87.2,26.4
06/10/10,3,10,0.075ug/kg,10853.33333,84.5,2,5426.666667,128.4418146,493.3333333,215.8333333,246.6666667,107.9166667,5.8382643,2.554240631,9.090909091,3.977272727
06/11/10,4,10,0.075ug/kg,13588,84.5,2,6794,160.8047337,434.5,197.5,217.25,98.75,5.142011834,2.337278107,6.395348837,2.906976744
06/12/10,5,10,0.075ug/kg,8810.666667,84.5,2,4405.333333,104.2682446,2753.333333,865.3333333,1376.666667,432.6666667,32.58382643,10.24063116,62.5,19.64285714
06/13/10,6,10,0.075ug/kg,7186.666667,84.5,2,3593.333333,85.04930966,2572.5,939.1666667,1286.25,469.5833333,30.44378698,11.11439842,71.59090909,26.13636364
06/14/10,7,10,0.075ug/kg,9964,84.5,2,4982,117.9171598,1837.333333,1060,918.6666667,530,21.74358974,12.5443787,36.87943262,21.27659574
06/15/10,8,10,0.075ug/kg,4818,84.5,2,2409,57.01775148,1023,462,511.5,231,12.10650888,5.467455621,42.46575342,19.17808219
06/16/10,9,10,0.075ug/kg,4937.333333,84.5,2,2468.666667,58.42998028,1180.666667,375.6666667,590.3333333,187.8333333,13.97238659,4.445759369,47.82608696,15.2173913
06/17/10,10,10,0.075ug/kg,6080,84.5,2,3040,71.95266272,2272,736,1136,368,26.88757396,8.710059172,74.73684211,24.21052632
06/18/10,11,10,0.075ug/kg,5880,84.2,2,2940,69.83372922,175,105,87.5,52.5,2.078384798,1.247030879,5.952380952,3.571428571
06/19/10,12,10,0.075ug/kg,7770,84.2,2,3885,92.28028504,3453.333333,863.3333333,1726.666667,431.6666667,41.01346002,10.253365,88.88888889,22.22222222
06/20/10,13,10,0.075ug/kg,7571,84.2,2,3785.5,89.91686461,2914.5,1038.5,1457.25,519.25,34.61401425,12.33372922,76.99115044,27.43362832
06/21/10,14,10,0.075ug/kg,6634,84.2,2,3317,78.78859857,1395,465,697.5,232.5,16.56769596,5.522565321,42.05607477,14.01869159
06/22/10,15,10,0.075ug/kg,6742.333333,81.2,2,3371.166667,83.03366174,2416.5,1044.166667,1208.25,522.0833333,29.75985222,12.8591954,71.68141593,30.97345133
06/23/10,16,10,0.075ug/kg,2793,81.2,2,1396.5,34.39655172,513,199.5,256.5,99.75,6.31773399,2.456896552,36.73469388,14.28571429
06/24/10,17,10,0.075ug/kg,6847,81.2,2,3423.5,84.3226601,2004,1057.666667,1002,528.8333333,24.67980296,13.02545156,58.53658537,30.89430894
06/25/10,18,10,0.075ug/kg,4814,81.2,2,2407,59.28571429,1653,812,826.5,406,20.35714286,10,68.6746988,33.73493976
06/26/10,19,10,0.075ug/kg,4550,80.6,2,2275,56.4516129,1604.166667,758.3333333,802.0833333,379.1666667,19.90281224,9.408602151,70.51282051,33.33333333
06/27/10,20,10,0.075ug/kg,4945,80.6,2,2472.5,61.35235732,774,301,387,150.5,9.602977667,3.734491315,31.30434783,12.17391304
06/28/10,21,10,0.075ug/kg,4144,80.6,2,2072,51.41439206,1307.333333,518,653.6666667,259,16.22001654,6.426799007,63.0952381,25
06/29/10,22,10,0.075ug/kg,4788,80.6,2,2394,59.4044665,1618.166667,775.8333333,809.0833333,387.9166667,20.07650951,9.625723739,67.59259259,32.40740741
06/30/10,23,10,0.075ug/kg,4902,80.6,2,2451,60.81885856,1440.5,795.5,720.25,397.75,17.87220844,9.869727047,58.77192982,32.45614035
07/01/10,24,10,0.075ug/kg,3228.333333,77,2,1614.166667,41.92640693,1216.833333,422.1666667,608.4166667,211.0833333,15.8030303,5.482683983,75.38461538,26.15384615
06/08/10,1,11,control,3567.666667,32.7,2,1783.833333,109.1029562,1227.833333,463.3333333,613.9166667,231.6666667,37.54841998,14.16921509,68.83116883,25.97402597
06/09/10,2,11,control,2120,32.7,2,1060,64.83180428,440,120,220,60,13.45565749,3.669724771,41.50943396,11.32075472
06/10/10,3,11,control,3880,32.7,2,1940,118.6544343,1455,420.3333333,727.5,210.1666667,44.49541284,12.85423038,75,21.66666667
06/11/10,4,11,control,3051,32.7,2,1525.5,93.30275229,1299.5,470.8333333,649.75,235.4166667,39.74006116,14.39857288,85.18518519,30.86419753
06/12/10,5,11,control,2530,32.7,2,1265,77.37003058,733.3333333,183.3333333,366.6666667,91.66666667,22.42609582,5.606523955,57.97101449,14.49275362
06/13/10,6,11,control,2332,32.7,2,1166,71.31498471,848,300.3333333,424,150.1666667,25.93272171,9.184505607,72.72727273,25.75757576
06/14/10,7,11,control,1008,32.7,2,504,30.82568807,252,140,126,70,7.706422018,4.281345566,50,27.77777778
06/15/10,8,11,control,5504,66.9,2,2752,82.27204783,1347.333333,544.6666667,673.6666667,272.3333333,20.13951171,8.141504733,48.95833333,19.79166667
06/16/10,9,11,control,4611,66.9,2,2305.5,68.92376682,1616.5,715.5,808.25,357.75,24.16292975,10.69506726,70.11494253,31.03448276
06/17/10,10,11,control,5334,66.9,2,2667,79.7309417,1058.333333,486.8333333,529.1666667,243.4166667,15.81963129,7.277030394,39.68253968,18.25396825
06/18/10,11,11,control,5278,62.7,2,2639,84.17862839,1218,638,609,319,19.42583732,10.1754386,46.15384615,24.17582418
06/19/10,12,11,control,4296,62.7,2,2148,68.51674641,1760.166667,895,880.0833333,447.5,28.0728336,14.27432217,81.94444444,41.66666667
06/20/10,13,11,control,4060,62.7,2,2030,64.75279107,1363,638,681.5,319,21.738437,10.1754386,67.14285714,31.42857143
06/21/10,14,11,control,4536,62.7,2,2268,72.34449761,913.5,630,456.75,315,14.56937799,10.04784689,40.27777778,27.77777778
06/22/10,15,11,control,1656,60.9,2,828,27.19211823,288,228,144,114,4.729064039,3.743842365,34.7826087,27.53623188
06/23/10,16,11,control,2036.666667,60.9,2,1018.333333,33.44280241,618.8333333,399.5,309.4166667,199.75,10.16146689,6.559934319,60.76923077,39.23076923
06/24/10,17,11,control,816,60.9,2,408,13.39901478,104,56,52,28,1.70771757,0.91954023,25.49019608,13.7254902
06/25/10,18,11,control,1196,60.9,2,598,19.63875205,234,143,117,71.5,3.842364532,2.348111658,39.13043478,23.91304348
06/26/10,19,11,control,1066.666667,60,2,533.3333333,17.77777778,100,75,50,37.5,1.666666667,1.25,18.75,14.0625
06/27/10,20,11,control,909.3333333,60,2,454.6666667,15.15555556,44,22,22,11,0.733333333,0.366666667,9.677419355,4.838709677
06/28/10,21,11,control,920,60,2,460,15.33333333,299,153.3333333,149.5,76.66666667,4.983333333,2.555555556,65,33.33333333
06/29/10,22,11,control,828,60,2,414,13.8,54,18,27,9,0.9,0.3,13.04347826,4.347826087
06/30/10,23,11,control,1830,60,2,915,30.5,183,71.16666667,91.5,35.58333333,3.05,1.186111111,20,7.777777778
07/01/10,24,11,control,1093.333333,57.4,2,546.6666667,19.04761905,68.33333333,20.5,34.16666667,10.25,1.19047619,0.357142857,12.5,3.75
06/08/10,1,12,0.75ug/kg,13588,100,2,6794,135.88,774,344,387,172,7.74,3.44,11.39240506,5.063291139
06/09/10,2,12,0.75ug/kg,9771.666667,100,2,4885.833333,97.71666667,2938.333333,1059.166667,1469.166667,529.5833333,29.38333333,10.59166667,60.13986014,21.67832168
06/10/10,3,12,0.75ug/kg,9589.333333,100,2,4794.666667,95.89333333,618.6666667,309.3333333,309.3333333,154.6666667,6.186666667,3.093333333,12.90322581,6.451612903
06/11/10,4,12,0.75ug/kg,13013.33333,100,2,6506.666667,130.1333333,3131.333333,935.3333333,1565.666667,467.6666667,31.31333333,9.353333333,48.125,14.375
06/12/10,5,12,0.75ug/kg,12350.66667,100,2,6175.333333,123.5066667,2399.333333,944,1199.666667,472,23.99333333,9.44,38.85350318,15.2866242
06/13/10,6,12,0.75ug/kg,11880.66667,100,2,5940.333333,118.8066667,1129.5,585.6666667,564.75,292.8333333,11.295,5.856666667,19.01408451,9.85915493
06/14/10,7,12,0.75ug/kg,8667,100,2,4333.5,86.67,2632.5,1296,1316.25,648,26.325,12.96,60.74766355,29.90654206
06/15/10,8,12,0.75ug/kg,6523.333333,100,2,3261.666667,65.23333333,31.66666667,31.66666667,15.83333333,15.83333333,0.316666667,0.316666667,0.970873786,0.970873786
06/16/10,9,12,0.75ug/kg,9581,100,2,4790.5,95.81,2345,737,1172.5,368.5,23.45,7.37,48.95104895,15.38461538
06/17/10,10,12,0.75ug/kg,6080,100,2,3040,60.8,475,253.3333333,237.5,126.6666667,4.75,2.533333333,15.625,8.333333333
06/18/10,11,12,0.75ug/kg,3468,99.2,2,1734,34.95967742,1428,612,714,306,14.39516129,6.169354839,82.35294118,35.29411765
06/19/10,12,12,0.75ug/kg,13663.66667,99.2,2,6831.833333,137.7385753,2748,725.1666667,1374,362.5833333,27.7016129,7.310147849,40.22346369,10.61452514
06/20/10,13,12,0.75ug/kg,1278,99.2,2,639,12.88306452,382.5,130.5,191.25,65.25,3.855846774,1.315524194,59.85915493,20.42253521
06/21/10,14,12,0.75ug/kg,5569.666667,99.2,2,2784.833333,56.14583333,868,397.8333333,434,198.9166667,8.75,4.010416667,31.16883117,14.28571429
06/22/10,15,12,0.75ug/kg,2450,94.6,2,1225,25.89852008,548.3333333,280,274.1666667,140,5.796335447,2.959830867,44.76190476,22.85714286
06/23/10,16,12,0.75ug/kg,1376,94.6,2,688,14.54545455,107.5,21.5,53.75,10.75,1.136363636,0.227272727,15.625,3.125
06/24/10,17,12,0.75ug/kg,462,94.6,2,231,4.88372093,12.83333333,12.83333333,6.416666667,6.416666667,0.135658915,0.135658915,5.555555556,5.555555556
06/25/10,18,12,0.75ug/kg,0,94.6,2,0,0,0,0,0,0,0,0,0,0
06/26/10,19,12,0.75ug/kg,0,95.1,2,0,0,0,0,0,0,0,0,0,0
06/27/10,20,12,0.75ug/kg,1343.333333,95.1,2,671.6666667,14.12548195,0,0,0,0,0,0,0,0
06/28/10,21,12,0.75ug/kg,754,95.1,2,377,7.92849632,0,0,0,0,0,0,0,0
06/29/10,22,12,0.75ug/kg,64,95.1,2,32,0.672975815,0,0,0,0,0,0,0,0
06/30/10,23,12,0.75ug/kg,1798,95.1,2,899,18.9064143,0,0,0,0,0,0,0,0
07/01/10,24,12,0.75ug/kg,196.3333333,49.5,1,196.3333333,3.966329966,0,0,0,0,0,0,0,0
06/08/10,1,13,control,9984,69.3,2,4992,144.0692641,3584,938.6666667,1792,469.3333333,51.71717172,13.54497354,71.79487179,18.8034188
06/09/10,2,13,control,8213.333333,69.3,2,4106.666667,118.5185185,1642.666667,645.3333333,821.3333333,322.6666667,23.7037037,9.312169312,40,15.71428571
06/10/10,3,13,control,8362,69.3,2,4181,120.6637807,0,0,0,0,0,0,0,0
06/11/10,4,13,control,9399.666667,69.3,2,4699.833333,135.6373256,2191.333333,865,1095.666667,432.5,31.62097162,12.48196248,46.62576687,18.40490798
06/12/10,5,13,control,7384,69.3,2,3692,106.5512266,2591.5,1171.5,1295.75,585.75,37.3953824,16.9047619,70.19230769,31.73076923
06/13/10,6,13,control,5775,69.3,2,2887.5,83.33333333,1386,616,693,308,20,8.888888889,48,21.33333333
06/14/10,7,13,control,5292,69.3,2,2646,76.36363636,1666,686,833,343,24.04040404,9.898989899,62.96296296,25.92592593
06/15/10,8,13,control,8550,69.3,2,4275,123.3766234,2470,665,1235,332.5,35.64213564,9.595959596,57.77777778,15.55555556
06/16/10,9,13,control,8122,69.3,2,4061,117.2005772,3007,868,1503.5,434,43.39105339,12.52525253,74.04580153,21.3740458
06/17/10,10,13,control,6491.333333,69.3,2,3245.666667,93.67003367,1971.666667,455,985.8333333,227.5,28.45117845,6.565656566,60.74766355,14.01869159
06/18/10,11,13,control,6272,66.7,2,3136,94.03298351,196,98,98,49,2.938530735,1.469265367,6.25,3.125
06/19/10,12,13,control,6901.666667,66.7,2,3450.833333,103.4732634,410,170.8333333,205,85.41666667,6.146926537,2.56121939,11.88118812,4.95049505
06/20/10,13,13,control,9044,66.7,2,4522,135.5922039,2584,1444,1292,722,38.74062969,21.64917541,57.14285714,31.93277311
06/21/10,14,13,control,6143.333333,66.7,2,3071.666667,92.10394803,2438.333333,1108.333333,1219.166667,554.1666667,36.55672164,16.61669165,79.3814433,36.08247423
06/22/10,15,13,control,5110,65.9,2,2555,77.54172989,1085,595,542.5,297.5,16.46433991,9.028831563,42.46575342,23.28767123
06/23/10,16,13,control,5884.666667,65.9,2,2942.333333,89.29691452,91,91,45.5,45.5,1.380880121,1.380880121,3.092783505,3.092783505
06/24/10,17,13,control,7020,65.9,2,3510,106.5250379,585,260,292.5,130,8.877086495,3.945371775,16.66666667,7.407407407
06/25/10,18,13,control,6489,65.9,2,3244.5,98.46737481,2094.333333,1201.666667,1047.166667,600.8333333,31.78047547,18.23469904,64.55026455,37.03703704
06/26/10,19,13,control,8476,66.7,2,4238,127.0764618,2254.833333,1276.833333,1127.416667,638.4166667,33.8055972,19.14292854,53.20512821,30.12820513
06/27/10,20,13,control,9040.666667,66.7,2,4520.333333,135.5422289,1750.833333,955,875.4166667,477.5,26.24937531,14.31784108,38.73239437,21.12676056
06/28/10,21,13,control,7744,66.7,2,3872,116.101949,1818.666667,1056,909.3333333,528,27.26636682,15.83208396,46.96969697,27.27272727
06/29/10,22,13,control,6625,66.7,2,3312.5,99.32533733,1722.5,1219,861.25,609.5,25.82458771,18.27586207,52,36.8
06/30/10,23,13,control,3475,66.7,2,1737.5,52.09895052,1088.833333,648.6666667,544.4166667,324.3333333,16.32433783,9.725137431,62.66666667,37.33333333
07/01/10,24,13,control,3672,64,2,1836,57.375,510,280.5,255,140.25,7.96875,4.3828125,27.77777778,15.27777778
06/08/10,1,14,0.075ug/kg,4752,61.4,2,2376,77.39413681,176,44,88,22,2.866449511,0.716612378,7.407407407,1.851851852
06/09/10,2,14,0.075ug/kg,5070,61.4,2,2535,82.5732899,1436.5,535.1666667,718.25,267.5833333,23.39576547,8.71606949,56.66666667,21.11111111
06/10/10,3,14,0.075ug/kg,5382,61.4,2,2691,87.65472313,0,0,0,0,0,0,0,0
06/11/10,4,14,0.075ug/kg,9248,61.4,2,4624,150.6188925,2244,1156,1122,578,36.54723127,18.82736156,48.52941176,25
06/12/10,5,14,0.075ug/kg,7632.666667,61.4,2,3816.333333,124.310532,1676.333333,963,838.1666667,481.5,27.30184582,15.68403909,43.92523364,25.23364486
06/13/10,6,14,0.075ug/kg,7020,61.4,2,3510,114.3322476,2028,1053,1014,526.5,33.02931596,17.14983713,57.77777778,30
06/14/10,7,14,0.075ug/kg,5794.666667,61.4,2,2897.333333,94.37567861,459.3333333,247.3333333,229.6666667,123.6666667,7.480998914,4.028230185,15.85365854,8.536585366
06/15/10,8,14,0.075ug/kg,5572,61.4,2,2786,90.74918567,1094.5,630.1666667,547.25,315.0833333,17.8257329,10.26330076,39.28571429,22.61904762
06/16/10,9,14,0.075ug/kg,5300,61.4,2,2650,86.31921824,1075,400,537.5,200,17.50814332,6.51465798,40.56603774,15.09433962
06/17/10,10,14,0.075ug/kg,5134,61.4,2,2567,83.61563518,427.8333333,352.3333333,213.9166667,176.1666667,6.967969598,5.738327904,16.66666667,13.7254902
06/18/10,11,14,0.075ug/kg,3306.666667,59.2,2,1653.333333,55.85585586,0,0,0,0,0,0,0,0
06/19/10,12,14,0.075ug/kg,3677.666667,59.2,2,1838.833333,62.12274775,1122,623.3333333,561,311.6666667,18.9527027,10.52927928,61.01694915,33.89830508
06/20/10,13,14,0.075ug/kg,4534.666667,59.2,2,2267.333333,76.5990991,1879.5,745.8333333,939.75,372.9166667,31.74831081,12.59853604,82.89473684,32.89473684
06/21/10,14,14,0.075ug/kg,2366,59.2,2,1183,39.96621622,212.3333333,151.6666667,106.1666667,75.83333333,3.586711712,2.561936937,17.94871795,12.82051282
06/22/10,15,14,0.075ug/kg,4108,58.2,2,2054,70.58419244,1118,650,559,325,19.20962199,11.16838488,54.43037975,31.64556962
06/23/10,16,14,0.075ug/kg,3825,58.2,2,1912.5,65.72164948,810,427.5,405,213.75,13.91752577,7.345360825,42.35294118,22.35294118
06/24/10,17,14,0.075ug/kg,1504,58.2,2,752,25.8419244,172.3333333,141,86.16666667,70.5,2.961053837,2.422680412,22.91666667,18.75
06/25/10,18,14,0.075ug/kg,2584,58.2,2,1292,44.39862543,709.3333333,519.3333333,354.6666667,259.6666667,12.18785796,8.92325315,54.90196078,40.19607843
06/26/10,19,14,0.075ug/kg,2419.666667,57.3,2,1209.833333,42.22803956,437.1666667,233.8333333,218.5833333,116.9166667,7.629435718,4.080860966,36.13445378,19.32773109
06/27/10,20,14,0.075ug/kg,2720.666667,57.3,2,1360.333333,47.48109366,653.6666667,353.3333333,326.8333333,176.6666667,11.40779523,6.1663758,48.05194805,25.97402597
06/28/10,21,14,0.075ug/kg,1110.666667,57.3,2,555.3333333,19.38336242,158.6666667,119,79.33333333,59.5,2.769051774,2.076788831,28.57142857,21.42857143
06/29/10,22,14,0.075ug/kg,1572.333333,57.3,2,786.1666667,27.44037231,538.8333333,309.1666667,269.4166667,154.5833333,9.403723095,5.395578825,68.53932584,39.3258427
06/30/10,23,14,0.075ug/kg,1916.666667,57.3,2,958.3333333,33.44968005,628.6666667,322,314.3333333,161,10.97149506,5.619546248,65.6,33.6
07/01/10,24,14,0.075ug/kg,2000,55.6,2,1000,35.97122302,813.3333333,346.6666667,406.6666667,173.3333333,14.62829736,6.23501199,81.33333333,34.66666667
06/08/10,1,15,0.75ug/kg,2750,62.5,2,1375,44,632.5,247.5,316.25,123.75,10.12,3.96,46,18
06/09/10,2,15,0.75ug/kg,1995.333333,62.5,2,997.6666667,31.92533333,413.6666667,170.3333333,206.8333333,85.16666667,6.618666667,2.725333333,41.46341463,17.07317073
06/10/10,3,15,0.75ug/kg,2381.333333,62.5,2,1190.666667,38.10133333,608,380,304,190,9.728,6.08,51.06382979,31.91489362
06/11/10,4,15,0.75ug/kg,2850,62.5,2,1425,45.6,839.1666667,364.1666667,419.5833333,182.0833333,13.42666667,5.826666667,58.88888889,25.55555556
06/12/10,5,15,0.75ug/kg,870,62.5,2,435,13.92,180,30,90,15,2.88,0.48,41.37931034,6.896551724
06/13/10,6,15,0.75ug/kg,2123.333333,62.5,2,1061.666667,33.97333333,793.3333333,268.3333333,396.6666667,134.1666667,12.69333333,4.293333333,74.72527473,25.27472527
06/14/10,7,15,0.75ug/kg,1508,62.5,2,754,24.128,156,104,78,52,2.496,1.664,20.68965517,13.79310345
06/15/10,8,15,0.75ug/kg,5637.333333,62.5,2,2818.666667,90.19733333,1792,989.3333333,896,494.6666667,28.672,15.82933333,63.57615894,35.09933775
06/16/10,9,15,0.75ug/kg,1541.666667,62.5,2,770.8333333,24.66666667,203.5,92.5,101.75,46.25,3.256,1.48,26.4,12
06/17/10,10,15,0.75ug/kg,641.3333333,62.5,2,320.6666667,10.26133333,242.6666667,147.3333333,121.3333333,73.66666667,3.882666667,2.357333333,75.67567568,45.94594595
06/18/10,11,15,0.75ug/kg,2704,62,2,1352,43.61290323,962,433.3333333,481,216.6666667,15.51612903,6.989247312,71.15384615,32.05128205
06/19/10,12,15,0.75ug/kg,1079.666667,62,2,539.8333333,17.41397849,0,0,0,0,0,0,0,0
06/20/10,13,15,0.75ug/kg,1820,62,2,910,29.35483871,130,40,65,20,2.096774194,0.64516129,14.28571429,4.395604396
06/21/10,14,15,0.75ug/kg,96,62,2,48,1.548387097,0,0,0,0,0,0,0,0
06/22/10,15,15,0.75ug/kg,1444,61.6,2,722,23.44155844,0,0,0,0,0,0,0,0
06/23/10,16,15,0.75ug/kg,1585.333333,61.6,2,792.6666667,25.73593074,0,0,0,0,0,0,0,0
06/24/10,17,15,0.75ug/kg,1056,61.6,2,528,17.14285714,256,128,128,64,4.155844156,2.077922078,48.48484848,24.24242424
06/25/10,18,15,0.75ug/kg,1042.333333,61.6,2,521.1666667,16.92099567,0,0,0,0,0,0,0,0
06/26/10,19,15,0.75ug/kg,930,61.8,2,465,15.04854369,268.6666667,62,134.3333333,31,4.347357066,1.003236246,57.77777778,13.33333333
06/27/10,20,15,0.75ug/kg,1175.333333,61.8,2,587.6666667,19.01833873,355.3333333,164,177.6666667,82,5.749730313,2.653721683,60.46511628,27.90697674
06/28/10,21,15,0.75ug/kg,22.66666667,61.8,2,11.33333333,0.366774542,0,0,0,0,0,0,0,0
06/29/10,22,15,0.75ug/kg,812.6666667,61.8,2,406.3333333,13.14994606,26.5,8.833333333,13.25,4.416666667,0.428802589,0.142934196,6.52173913,2.173913043
06/30/10,23,15,0.75ug/kg,396.3333333,61.8,2,198.1666667,6.413160734,0,0,0,0,0,0,0,0
07/01/10,24,15,0.75ug/kg,1519.333333,59.9,2,759.6666667,25.36449638,57.33333333,14.33333333,28.66666667,7.166666667,0.957150807,0.239287702,7.547169811,1.886792453
06/08/10,1,16,control,5156.666667,62.8,2,2578.333333,82.11252654,1864.333333,872.6666667,932.1666667,436.3333333,29.68683652,13.89596603,72.30769231,33.84615385
06/09/10,2,16,control,3844.666667,62.8,2,1922.333333,61.22080679,26.33333333,26.33333333,13.16666667,13.16666667,0.419320594,0.419320594,1.369863014,1.369863014
06/10/10,3,16,control,5666.666667,62.8,2,2833.333333,90.23354565,2150,916.6666667,1075,458.3333333,34.23566879,14.59660297,75.88235294,32.35294118
06/11/10,4,16,control,7743.333333,62.8,2,3871.666667,123.3014862,2424,1111,1212,555.5,38.59872611,17.6910828,62.60869565,28.69565217
06/12/10,5,16,control,5866.666667,62.8,2,2933.333333,93.41825902,1433.333333,700,716.6666667,350,22.82377919,11.14649682,48.86363636,23.86363636
06/13/10,6,16,control,5550,62.8,2,2775,88.37579618,1887,814,943.5,407,30.0477707,12.96178344,68,29.33333333
06/14/10,7,16,control,4310.666667,62.8,2,2155.333333,68.64118896,1307.333333,388.6666667,653.6666667,194.3333333,20.81740977,6.18895966,0,0
06/15/10,8,16,control,2133.333333,62.8,2,1066.666667,33.97027601,66.66666667,66.66666667,33.33333333,33.33333333,1.061571125,1.061571125,6.25,6.25
06/16/10,9,16,control,6506.666667,62.8,2,3253.333333,103.6093418,1220,610,610,305,19.42675159,9.713375796,37.5,18.75
06/17/10,10,16,control,4351.333333,62.8,2,2175.666667,69.28874735,1464,813.3333333,732,406.6666667,23.31210191,12.95116773,67.28971963,37.38317757
06/18/10,11,16,control,4176,62.6,2,2088,66.70926518,1624,667,812,333.5,25.94249201,10.65495208,77.77777778,31.94444444
06/19/10,12,16,control,5920,62.6,2,2960,94.5686901,2497.5,1140.833333,1248.75,570.4166667,39.89616613,18.22417465,84.375,38.54166667
06/20/10,13,16,control,6046.333333,62.6,2,3023.166667,96.58679446,2150.5,841.5,1075.25,420.75,34.35303514,13.44249201,71.13402062,27.83505155
06/21/10,14,16,control,4509.333333,62.6,2,2254.666667,72.03407881,1824,785.3333333,912,392.6666667,29.13738019,12.54526092,80.8988764,34.83146067
06/22/10,15,16,control,1356.666667,61.1,2,678.3333333,22.2040371,385,201.6666667,192.5,100.8333333,6.301145663,3.300600109,56.75675676,29.72972973
06/23/10,16,16,control,7280.666667,61.1,2,3640.333333,119.1598472,2689.5,1385.5,1344.75,692.75,44.01800327,22.67594108,73.88059701,38.05970149
06/24/10,17,16,control,6120,61.1,2,3060,100.1636661,1708.5,1071,854.25,535.5,27.96235679,17.52864157,55.83333333,35
06/25/10,18,16,control,6335,61.1,2,3167.5,103.6824877,603.3333333,362,301.6666667,181,9.87452264,5.924713584,19.04761905,11.42857143
06/26/10,19,16,control,5759.333333,61.3,2,2879.666667,93.95323545,679.1666667,0,339.5833333,0,11.07939097,0,23.58490566,0
06/27/10,20,16,control,5220,61.3,2,2610,85.15497553,1305,877.5,652.5,438.75,21.28874388,14.31484502,50,33.62068966
06/28/10,21,16,control,7224,61.3,2,3612,117.8466558,1347.333333,888.6666667,673.6666667,444.3333333,21.9793366,14.49700924,37.3015873,24.6031746
06/29/10,22,16,control,2000,61.3,2,1000,32.62642741,66.66666667,66.66666667,33.33333333,33.33333333,1.08754758,1.08754758,6.666666667,6.666666667
06/30/10,23,16,control,4169.333333,61.3,2,2084.666667,68.01522567,848,371,424,185.5,13.83360522,6.052202284,40.6779661,17.79661017
07/01/10,24,16,control,3596.666667,58.2,2,1798.333333,61.79839633,151.6666667,65,75.83333333,32.5,2.605956472,1.116838488,8.43373494,3.614457831
06/08/10,1,17,control,7315,60.4,2,3657.5,121.1092715,616,423.5,308,211.75,10.1986755,7.011589404,16.84210526,11.57894737
06/09/10,2,17,control,3800,60.4,2,1900,62.91390728,516.6666667,266.6666667,258.3333333,133.3333333,8.554083885,4.415011038,27.19298246,14.03508772
06/10/10,3,17,control,3066,60.4,2,1533,50.7615894,0,0,0,0,0,0,0,0
06/11/10,4,17,control,4256,60.4,2,2128,70.46357616,0,0,0,0,0,0,0,0
06/12/10,5,17,control,2765.333333,60.4,2,1382.666667,45.78366446,630.3333333,325.3333333,315.1666667,162.6666667,10.43598234,5.386313466,45.58823529,23.52941176
06/13/10,6,17,control,4505.333333,60.4,2,2252.666667,74.59161148,908.3333333,399.6666667,454.1666667,199.8333333,15.03863135,6.616997792,40.32258065,17.74193548
06/14/10,7,17,control,4658.333333,60.4,2,2329.166667,77.12472406,860,573.3333333,430,286.6666667,14.2384106,9.492273731,36.92307692,24.61538462
06/15/10,8,17,control,4526.666667,60.4,2,2263.333333,74.94481236,873,517.3333333,436.5,258.6666667,14.45364238,8.565121413,38.57142857,22.85714286
06/16/10,9,17,control,1870,60.4,2,935,30.9602649,440,137.5,220,68.75,7.284768212,2.276490066,47.05882353,14.70588235
06/17/10,10,17,control,3056.666667,60.4,2,1528.333333,50.60706402,1026.166667,524,513.0833333,262,16.98951435,8.675496689,67.14285714,34.28571429
06/18/10,11,17,control,1903,60.2,2,951.5,31.61129568,720.8333333,288.3333333,360.4166667,144.1666667,11.97397564,4.789590255,75.75757576,30.3030303
06/19/10,12,17,control,4116,60.2,2,2058,68.37209302,1739.5,1053.5,869.75,526.75,28.89534884,17.5,84.52380952,51.19047619
06/20/10,13,17,control,4025,60.2,2,2012.5,66.86046512,904.1666667,495.8333333,452.0833333,247.9166667,15.01937984,8.236434109,44.92753623,24.63768116
06/21/10,14,17,control,3080,60.2,2,1540,51.1627907,1050,326.6666667,525,163.3333333,17.44186047,5.426356589,68.18181818,21.21212121
06/22/10,15,17,control,1356.666667,58.1,2,678.3333333,23.35054504,385,201.6666667,192.5,100.8333333,6.626506024,3.471026965,56.75675676,29.72972973
06/23/10,16,17,control,3352.666667,58.1,2,1676.333333,57.70510614,695.5,481.5,347.75,240.75,11.9707401,8.287435456,41.4893617,28.72340426
06/24/10,17,17,control,2011.666667,58.1,2,1005.833333,34.62421113,425,226.6666667,212.5,113.3333333,7.314974182,3.901319564,42.25352113,22.53521127
06/25/10,18,17,control,2047.333333,58.1,2,1023.666667,35.23809524,567.3333333,320.6666667,283.6666667,160.3333333,9.764773379,5.519219736,55.42168675,31.3253012
06/26/10,19,17,control,2150,57.5,2,1075,37.39130435,616.3333333,415.6666667,308.1666667,207.8333333,10.71884058,7.228985507,57.33333333,38.66666667
06/27/10,20,17,control,3375,57.5,2,1687.5,58.69565217,812.5,475,406.25,237.5,14.13043478,8.260869565,48.14814815,28.14814815
06/28/10,21,17,control,1116,57.5,2,558,19.40869565,171,90,85.5,45,2.973913043,1.565217391,30.64516129,16.12903226
06/29/10,22,17,control,2280,57.5,2,1140,39.65217391,430,270,215,135,7.47826087,4.695652174,37.71929825,23.68421053
06/30/10,23,17,control,2002,57.5,2,1001,34.8173913,481,299,240.5,149.5,8.365217391,5.2,48.05194805,29.87012987
07/01/10,24,17,control,465,29.6,1,465,15.70945946,248,134.3333333,248,134.3333333,8.378378378,4.538288288,53.33333333,28.88888889
06/08/10,1,18,0.75ug/kg,5792,68.4,2,2896,84.67836257,0,0,0,0,0,0,0,0
06/09/10,2,18,0.75ug/kg,6501.333333,68.4,2,3250.666667,95.04873294,1413.333333,530,706.6666667,265,20.66276803,7.748538012,43.47826087,16.30434783
06/10/10,3,18,0.75ug/kg,5700,68.4,2,2850,83.33333333,2375,1013.333333,1187.5,506.6666667,34.72222222,14.81481481,83.33333333,35.55555556
06/11/10,4,18,0.75ug/kg,6944,68.4,2,3472,101.5204678,1904,821.3333333,952,410.6666667,27.83625731,12.00779727,54.83870968,23.65591398
06/12/10,5,18,0.75ug/kg,5648.666667,68.4,2,2824.333333,82.582846,1908.333333,534.3333333,954.1666667,267.1666667,27.89961014,7.811890838,67.56756757,18.91891892
06/13/10,6,18,0.75ug/kg,2698,68.4,2,1349,39.44444444,1183.333333,426,591.6666667,213,17.30019493,6.228070175,87.71929825,31.57894737
06/14/10,7,18,0.75ug/kg,2646,68.4,2,1323,38.68421053,621,297,310.5,148.5,9.078947368,4.342105263,46.93877551,22.44897959
06/15/10,8,18,0.75ug/kg,1812,68.4,2,906,26.49122807,729.8333333,251.6666667,364.9166667,125.8333333,10.67007797,3.679337232,80.55555556,27.77777778
06/16/10,9,18,0.75ug/kg,2666,68.4,2,1333,38.97660819,1139.5,559,569.75,279.5,16.65935673,8.17251462,85.48387097,41.93548387
06/17/10,10,18,0.75ug/kg,1698.666667,68.4,2,849.3333333,24.83430799,65.33333333,49,32.66666667,24.5,0.955165692,0.716374269,7.692307692,5.769230769
06/18/10,11,18,0.75ug/kg,3672,69.4,2,1836,52.91066282,1178.666667,612,589.3333333,306,16.98366955,8.818443804,64.19753086,33.33333333
06/19/10,12,18,0.75ug/kg,7290,69.4,2,3645,105.0432277,2997,1917,1498.5,958.5,43.18443804,27.62247839,82.22222222,52.59259259
06/20/10,13,18,0.75ug/kg,5520,69.4,2,2760,79.5389049,1717.333333,613.3333333,858.6666667,306.6666667,24.74543708,8.8376561,62.22222222,22.22222222
06/21/10,14,18,0.75ug/kg,5173.666667,69.4,2,2586.833333,74.54851105,1807.666667,716.8333333,903.8333333,358.4166667,26.04707012,10.32901057,69.87951807,27.71084337
06/22/10,15,18,0.75ug/kg,4256,68.2,2,2128,62.40469208,1344,504,672,252,19.70674487,7.390029326,63.15789474,23.68421053
06/23/10,16,18,0.75ug/kg,5189.333333,68.2,2,2594.666667,76.08993157,1135.166667,579.1666667,567.5833333,289.5833333,16.64467253,8.492179863,43.75,22.32142857
06/24/10,17,18,0.75ug/kg,4077,68.2,2,2038.5,59.78005865,453,201.3333333,226.5,100.6666667,6.642228739,2.952101662,22.22222222,9.87654321
06/25/10,18,18,0.75ug/kg,4582,68.2,2,2291,67.18475073,928,464,464,232,13.60703812,6.803519062,40.50632911,20.25316456
06/26/10,19,18,0.75ug/kg,5184.666667,67.5,2,2592.333333,76.80987654,641.6666667,231,320.8333333,115.5,9.50617284,3.422222222,24.75247525,8.910891089
06/27/10,20,18,0.75ug/kg,3185,67.5,2,1592.5,47.18518519,147,147,73.5,73.5,2.177777778,2.177777778,9.230769231,9.230769231
06/28/10,21,18,0.75ug/kg,490.6666667,67.5,2,245.3333333,7.269135802,153.3333333,153.3333333,76.66666667,76.66666667,2.271604938,2.271604938,62.5,62.5
06/29/10,22,18,0.75ug/kg,6158.666667,67.5,2,3079.333333,91.23950617,894,372.5,447,186.25,13.24444444,5.518518519,29.03225806,12.09677419
06/30/10,23,18,0.75ug/kg,2755,67.5,2,1377.5,41.74242424,823.3333333,443.3333333,411.6666667,221.6666667,12.47474747,6.717171717,59.77011494,32.18390805
07/01/10,24,18,0.75ug/kg,300,66,2,150,4.545454545,0,0,0,0,0,0,0,0
