DATE,d,TNK,TRT,#FEM,Flt1,Flt2,Flt3,Avg#Flt,AvgNFlt,Snk1,Snk2,Snk3,X Snk,FS1,FS2,FS3,FertSnk,VOL,TotEggs,,d,TNK,TRT,TotEggs,,femwt,#FEM,eggs/fem,eggs_gfem,#fert,#vbl,,#fert/fem,#vbl/fem,,#fert/gfem,#vbl/gfem,,PctFert,PctVBL,
07/27/10,1,1,0.75ug/kg,2,9,3,5,5.7,0.0,31,26,27,28,13,14,15,14.0,254,8551,,1,1,0.75ug/kg,8551,,67,2,4276,129,2498,720,,1249,360,,37.56,10.82,,58.4,16.8,
07/28/10,2,1,0.75ug/kg,2,7,5,7,6.3,0.0,18,16,29,21,3,7,8,6.0,242,6615,,2,1,0.75ug/kg,6615,,67,2,3307,99,1492,766,,746,383,,22.44,11.52,,45.1,23.2,
07/29/10,3,1,0.75ug/kg,2,3,6,0,3.0,0.0,20,23,20,21,4,5,6,5.0,165,3960,,3,1,0.75ug/kg,3960,,67,2,1980,60,660,248,,330,124,,9.92,3.72,,33.3,12.5,
07/30/10,4,1,0.75ug/kg,2,6,8,10,8.0,0.0,21,24,32,26,4,2,7,4.3,170,5723,,4,1,0.75ug/kg,5723,,67,2,2862,86,1048,680,,524,340,,15.76,10.23,,36.6,23.8,
07/31/10,5,1,0.75ug/kg,2,10,5,9,8.0,0.0,22,12,20,18,9,6,15,10.0,187,4862,,5,1,0.75ug/kg,4862,,67,2,2431,73,1683,748,,842,374,,25.31,11.25,,69.2,30.8,
08/01/10,6,1,0.75ug/kg,2,2,3,5,3.3,0.0,26,22,21,23,1,1,1,1.0,211,5556,,6,1,0.75ug/kg,5556,,67,2,2778,84,457,352,,229,176,,6.87,5.29,,16.5,12.7,
08/02/10,7,1,0.75ug/kg,2,3,4,7,4.7,0.0,16,18,9,14,2,3,1,2.0,194,3686,,7,1,0.75ug/kg,3686,,67,2,1843,55,647,453,,323,226,,9.72,6.81,,35.1,24.6,
08/03/10,8,1,0.75ug/kg,2,9,8,7,8.0,0.0,33,38,32,34,13,6,12,10.3,193,8170,,8,1,0.75ug/kg,8170,,67,2,4085,123,1769,772,,885,386,,26.60,11.61,,43.3,18.9,
08/04/10,9,1,0.75ug/kg,2,3,11,13,9.0,0.0,18,27,11,19,6,11,4,7.0,176,4869,,9,1,0.75ug/kg,4869,,67,2,2435,73,1408,792,,704,396,,21.17,11.91,,57.8,32.5,
08/05/10,10,1,0.75ug/kg,2,4,4,11,6.3,0.0,11,14,12,12,7,9,7,7.7,143,2669,,10,1,0.75ug/kg,2669,,67,2,1335,40,1001,453,,501,226,,15.05,6.81,,75.0,33.9,
08/06/10,11,1,0.75ug/kg,2,8,13,12,11.0,0.0,23,24,19,22,13,11,11,11.7,99,3267,,11,1,0.75ug/kg,3267,,66,2,1634,50,1122,545,,561,272,,17.13,8.31,,68.7,33.3,
08/07/10,12,1,0.75ug/kg,2,7,5,5,5.7,0.0,9,9,13,10,4,5,3,4.0,93,1488,,12,1,0.75ug/kg,1488,,66,2,744,23,450,264,,225,132,,6.86,4.02,,60.4,35.4,
08/08/10,13,1,0.75ug/kg,2,7,15,7,9.7,0.0,9,14,12,12,2,6,3,3.7,74,1579,,13,1,0.75ug/kg,1579,,66,2,789,24,493,358,,247,179,,7.53,5.46,,62.5,45.3,
08/09/10,14,1,0.75ug/kg,2,1,2,1,1.3,0.0,17,22,22,20,1,1,1,1.0,76,1647,,14,1,0.75ug/kg,1647,,66,2,823,25,89,51,,44,25,,1.35,0.77,,10.8,6.2,
08/10/10,15,1,0.75ug/kg,2,8,4,9,7.0,0.0,14,14,12,13,8,4,5,5.7,60,1220,,15,1,0.75ug/kg,1220,,65,2,610,19,380,210,,190,105,,5.88,3.25,,62.3,34.4,
08/11/10,16,1,0.75ug/kg,2,9,6,5,6.7,0.0,13,31,18,21,5,10,8,7.7,74,2023,,16,1,0.75ug/kg,2023,,65,2,1011,31,530,247,,265,123,,8.21,3.82,,52.4,24.4,
08/12/10,17,1,0.75ug/kg,2,6,7,9,7.3,0.0,21,12,13,15,8,5,5,6.0,57,1292,,17,1,0.75ug/kg,1292,,65,2,646,20,380,209,,190,105,,5.88,3.24,,58.8,32.4,
08/13/10,18,1,0.75ug/kg,2,4,3,6,4.3,0.0,14,16,10,13,4,4,2,3.3,59,1042,,18,1,0.75ug/kg,1042,,65,2,521,16,226,128,,113,64,,3.50,1.98,,43.4,24.5,
08/14/10,19,1,0.75ug/kg,2,0,0,0,0.0,0.0,7,6,4,6,0,0,0,0.0,50,283,,19,1,0.75ug/kg,283,,63,2,142,5,0,0,,0,0,,0.00,0.00,,0.0,0.0,
08/15/10,20,1,0.75ug/kg,2,1,1,0,0.7,0.0,27,29,21,26,3,3,2,2.7,64,1685,,20,1,0.75ug/kg,1685,,63,2,843,27,107,21,,53,11,,1.70,0.34,,12.7,2.5,
08/16/10,21,1,0.75ug/kg,2,0,0,1,0.3,0.0,13,21,19,18,1,3,3,2.3,50,900,,21,1,0.75ug/kg,900,,63,2,450,14,67,8,,33,4,,1.06,0.13,,14.8,1.9,
08/17/10,22,1,0.75ug/kg,2,0,0,0,0.0,0.0,15,29,24,23,0,0,0,0.0,41,929,,22,1,0.75ug/kg,929,,63,2,465,15,0,0,,0,0,,0.00,0.00,,0.0,0.0,
08/18/10,23,1,0.75ug/kg,2,0,0,0,0.0,0.0,14,16,9,13,0,0,0,0.0,34,442,,23,1,0.75ug/kg,442,,63,2,221,7,0,0,,0,0,,0.00,0.00,,0.0,0.0,
08/19/10,24,1,0.75ug/kg,2,0,0,0,0.0,0.0,26,22,19,22,0,0,0,0.0,16,357,,24,1,0.75ug/kg,357,,62,2,179,6,0,0,,0,0,,0.00,0.00,,0.0,0.0,
07/27/10,1,2,0.75ug/kg,2,10,11,9,10.0,0.0,11,11,10,11,9,9,9,9.0,236,4877,,1,2,0.75ug/kg,4877,,48,2,2439,101,2242,1180,,1121,590,,46.51,24.48,,91.9,48.4,
07/28/10,2,2,0.75ug/kg,2,7,16,8,10.3,0.0,25,10,23,19,20,9,17,15.3,183,5429,,2,2,0.75ug/kg,5429,,48,2,2715,113,2349,946,,1174,473,,48.72,19.62,,86.5,34.8,
07/29/10,3,2,0.75ug/kg,2,4,4,4,4.0,0.0,16,11,12,13,10,7,9,8.7,140,2380,,3,2,0.75ug/kg,2380,,48,2,1190,49,887,280,,443,140,,18.40,5.81,,74.5,23.5,
07/30/10,4,2,0.75ug/kg,2,5,5,6,5.3,0.0,9,14,16,13,3,4,3,3.3,96,1760,,4,2,0.75ug/kg,1760,,48,2,880,37,416,256,,208,128,,8.63,5.31,,47.3,29.1,
07/31/10,5,2,0.75ug/kg,2,1,2,2,1.7,0.0,7,16,8,10,4,4,4,4.0,92,1104,,5,2,0.75ug/kg,1104,,48,2,552,23,261,77,,130,38,,5.41,1.59,,47.2,13.9,
08/01/10,6,2,0.75ug/kg,2,6,15,8,9.7,0.0,8,7,9,8,1,2,3,2.0,171,3021,,6,2,0.75ug/kg,3021,,48,2,1511,63,998,827,,499,413,,20.70,17.15,,66.0,54.7,
08/02/10,7,2,0.75ug/kg,2,3,3,2,2.7,0.0,6,9,6,7,4,1,4,3.0,113,1092,,7,2,0.75ug/kg,1092,,48,2,546,23,320,151,,160,75,,6.64,3.13,,58.6,27.6,
08/03/10,8,2,0.75ug/kg,2,3,6,6,5.0,0.0,9,6,10,8,4,5,4,4.3,157,2093,,8,2,0.75ug/kg,2093,,48,2,1047,43,733,393,,366,196,,15.20,8.14,,70.0,37.5,
08/04/10,9,2,0.75ug/kg,2,9,12,10,10.3,0.0,0,4,4,3,0,1,0,0.3,37,481,,9,2,0.75ug/kg,481,,48,2,241,10,197,191,,99,96,,4.09,3.97,,82.1,79.5,
08/05/10,10,2,0.75ug/kg,2,13,8,12,11.0,0.0,9,3,9,7,2,2,5,3.0,25,450,,10,2,0.75ug/kg,450,,48,2,225,9,175,138,,88,69,,3.63,2.85,,77.8,61.1,
08/06/10,11,2,0.75ug/kg,2,9,4,7,6.7,0.0,6,5,6,6,6,5,6,5.7,33,407,,11,2,0.75ug/kg,407,,48,2,204,9,204,110,,102,55,,4.26,2.30,,100.0,54.1,
08/07/10,12,2,0.75ug/kg,2,0,0,0,0.0,0.0,0,0,0,0,0,0,0,0.0,33,0,,12,2,0.75ug/kg,0,,48,2,0,0,0,0,,0,0,,0.00,0.00,,0.0,0.0,
08/08/10,13,2,0.75ug/kg,2,0,0,0,0.0,0.0,0,0,0,0,0,0,0,0.0,32,0,,13,2,0.75ug/kg,0,,48,2,0,0,0,0,,0,0,,0.00,0.00,,0.0,0.0,
08/09/10,14,2,0.75ug/kg,1,0,0,0,0.0,0.0,0,0,0,0,0,0,0,0.0,59,0,,15,2,0.75ug/kg,0,,21,2,0,0,0,0,,0,0,,0.00,0.00,,0.0,0.0,
08/10/10,15,2,0.75ug/kg,1,0,0,0,0.0,0.0,0,0,0,0,0,0,0,0.0,26,0,,14,2,0.75ug/kg,0,,21,2,0,0,0,0,,0,0,,0.00,0.00,,0.0,0.0,
08/11/10,16,2,0.75ug/kg,1,0,0,0,0.0,0.0,2,1,0,1,0,0,0,0.0,21,21,,16,2,0.75ug/kg,21,,21,2,21,1,0,0,,0,0,,0.00,0.00,,0.0,0.0,
08/12/10,17,2,0.75ug/kg,1,0,0,0,0.0,0.0,0,0,0,0,0,0,0,0.0,15,0,,17,2,0.75ug/kg,0,,21,2,0,0,0,0,,0,0,,0.00,0.00,,0.0,0.0,
08/13/10,18,2,0.75ug/kg,1,0,0,0,0.0,0.0,0,0,0,0,0,0,0,0.0,21,0,,18,2,0.75ug/kg,0,,21,2,0,0,0,0,,0,0,,0.00,0.00,,0.0,0.0,
08/14/10,19,2,0.75ug/kg,1,0,0,0,0.0,0.0,0,0,0,0,0,0,0,0.0,36,0,,19,2,0.75ug/kg,0,,21,2,0,0,0,0,,0,0,,0.00,0.00,,0.0,0.0,
08/15/10,20,2,0.75ug/kg,1,0,0,0,0.0,0.0,0,0,0,0,0,0,0,0.0,28,0,,20,2,0.75ug/kg,0,,21,2,0,0,0,0,,0,0,,0.00,0.00,,0.0,0.0,
08/16/10,21,2,0.75ug/kg,1,0,0,0,0.0,0.0,0,0,0,0,0,0,0,0.0,42,0,,21,2,0.75ug/kg,0,,21,2,0,0,0,0,,0,0,,0.00,0.00,,0.0,0.0,
08/17/10,22,2,0.75ug/kg,1,0,0,0,0.0,0.0,0,0,0,0,0,0,0,0.0,21,0,,22,2,0.75ug/kg,0,,21,2,0,0,0,0,,0,0,,0.00,0.00,,0.0,0.0,
08/18/10,23,2,0.75ug/kg,1,0,0,0,0.0,0.0,0,0,0,0,0,0,0,0.0,12,0,,23,2,0.75ug/kg,0,,20,2,0,0,0,0,,0,0,,0.00,0.00,,0.0,0.0,
08/19/10,24,2,0.75ug/kg,1,0,0,0,0.0,0.0,0,0,0,0,0,0,0,0.0,17,0,,24,2,0.75ug/kg,0,,19,2,0,0,0,0,,0,0,,0.00,0.00,,0.0,0.0,
07/27/10,1,3,control,2,4,9,9,7.3,0.0,24,26,26,25,9,13,8,10.0,201,6566,,1,3,control,6566,,71,2,3283,93,1742,737,,871,369,,24.71,10.45,,53.1,22.4,
07/28/10,2,3,control,2,0,0,0,0.0,0.0,31,22,24,26,0,0,0,0.0,218,5595,,2,3,control,5595,,71,2,2798,79,0,0,,0,0,,0.00,0.00,,0.0,0.0,
07/29/10,3,3,control,2,4,3,3,3.3,0.0,26,13,26,22,14,9,15,12.7,176,4400,,3,3,control,4400,,71,2,2200,62,1408,293,,704,147,,19.97,4.16,,64.0,13.3,
07/30/10,4,3,control,2,12,11,9,10.7,0.0,18,17,17,17,3,3,4,3.3,172,4816,,4,3,control,4816,,71,2,2408,68,1204,917,,602,459,,17.08,13.01,,50.0,38.1,
07/31/10,5,3,control,2,5,6,3,4.7,0.0,19,15,17,17,7,6,6,6.3,96,2080,,5,3,control,2080,,71,2,1040,30,0,0,,0,0,,0.00,0.00,,0.0,0.0,
08/01/10,6,3,control,2,8,9,6,7.7,0.0,21,26,23,23,4,4,3,3.7,148,4588,,6,3,control,4588,,71,2,2294,65,839,567,,419,284,,11.90,8.05,,36.6,24.7,
08/02/10,7,3,control,2,4,5,11,6.7,0.0,6,6,6,6,2,1,0,1.0,158,2001,,7,3,control,2001,,71,2,1001,28,606,527,,303,263,,8.59,7.47,,60.5,52.6,
08/03/10,8,3,control,2,0,0,0,0.0,0.0,26,28,23,26,0,0,0,0.0,171,4389,,8,3,control,4389,,71,2,2195,62,0,0,,0,0,,0.00,0.00,,0.0,0.0,
08/04/10,9,3,control,2,9,4,5,6.0,0.0,14,12,12,13,2,1,1,1.3,171,3192,,9,3,control,3192,,71,2,1596,45,627,513,,314,257,,8.89,7.28,,39.3,32.1,
08/05/10,10,3,control,2,1,1,1,1.0,0.0,13,13,17,14,2,1,2,1.7,146,2239,,10,3,control,2239,,71,2,1119,32,195,73,,97,37,,2.76,1.04,,17.4,6.5,
08/06/10,11,3,control,2,3,6,6,5.0,0.0,13,13,10,12,3,5,2,3.3,134,2278,,11,3,control,2278,,70,2,1139,33,558,335,,279,168,,8.01,4.81,,49.0,29.4,
08/07/10,12,3,control,2,6,6,9,7.0,0.0,25,17,17,20,15,11,7,11.0,138,3680,,12,3,control,3680,,70,2,1840,53,1242,483,,621,242,,17.82,6.93,,67.5,26.3,
08/08/10,13,3,control,2,9,18,14,13.7,0.0,32,42,32,35,11,11,9,10.3,102,4998,,13,3,control,4998,,70,2,2499,72,1224,697,,612,349,,17.56,10.00,,49.0,27.9,
08/09/10,14,3,control,2,10,9,4,7.7,0.0,14,22,20,19,4,6,5,5.0,96,2528,,15,3,control,2528,,70,2,1264,36,608,368,,304,184,,8.72,5.28,,48.1,29.1,
08/10/10,15,3,control,2,13,10,15,12.7,0.0,19,10,21,17,6,3,11,6.7,121,3549,,14,3,control,3549,,68,2,1775,52,1170,766,,585,383,,17.18,11.25,,65.9,43.2,
08/11/10,16,3,control,2,1,3,1,1.7,0.0,12,18,17,16,1,1,1,1.0,138,2392,,16,3,control,2392,,68,2,1196,35,184,115,,92,58,,2.70,1.69,,15.4,9.6,
08/12/10,17,3,control,2,7,8,7,7.3,0.0,11,13,13,12,7,6,5,6.0,44,865,,17,3,control,865,,68,2,433,13,293,161,,147,81,,4.31,2.37,,67.8,37.3,
08/13/10,18,3,control,2,5,8,8,7.0,0.0,10,14,10,11,2,3,2,2.3,38,697,,18,3,control,697,,68,2,348,10,177,133,,89,67,,2.60,1.95,,50.9,38.2,
08/14/10,19,3,control,2,1,3,4,2.7,0.0,10,15,10,12,2,1,2,1.7,47,674,,19,3,control,674,,67,2,337,10,102,63,,51,31,,1.51,0.93,,30.2,18.6,
08/15/10,20,3,control,2,5,5,8,6.0,0.0,17,13,16,15,5,4,6,5.0,81,1728,,20,3,control,1728,,67,2,864,26,446,243,,223,122,,6.62,3.61,,51.6,28.1,
08/16/10,21,3,control,2,3,7,7,5.7,0.0,10,20,11,14,6,6,4,5.3,69,1334,,21,3,control,1334,,67,2,667,20,380,196,,190,98,,5.64,2.90,,56.9,29.3,
08/17/10,22,3,control,2,10,7,10,9.0,0.0,22,15,21,19,17,8,18,14.3,57,1615,,22,3,control,1615,,67,2,808,24,665,257,,333,128,,9.88,3.81,,82.4,31.8,
08/18/10,23,3,control,2,6,4,6,5.3,0.0,23,21,28,24,5,5,6,5.3,48,1408,,23,3,control,1408,,65,2,704,22,256,128,,128,64,,3.96,1.98,,36.4,18.2,
08/19/10,24,3,control,2,3,9,5,5.7,0.0,9,10,9,9,1,4,4,3.0,39,585,,24,3,control,585,,64,2,293,9,169,111,,85,55,,2.64,1.72,,57.8,37.8,
07/27/10,1,4,0.75ug/kg,2,8,2,6,5.3,0.0,15,13,20,16,11,6,11,9.3,212,4523,,1,4,0.75ug/kg,4523,,63,2,2261,72,1555,565,,777,283,,24.83,9.03,,68.8,25.0,
07/28/10,2,4,0.75ug/kg,2,2,5,6,4.3,0.0,17,21,15,18,7,6,6,6.3,220,4840,,2,4,0.75ug/kg,4840,,63,2,2420,77,1173,477,,587,238,,18.74,7.61,,48.5,19.7,
07/29/10,3,4,0.75ug/kg,2,2,1,0,1.0,0.0,26,26,34,29,1,2,1,1.3,180,5340,,3,4,0.75ug/kg,5340,,63,2,2670,85,210,90,,105,45,,3.35,1.44,,7.9,3.4,
07/30/10,4,4,0.75ug/kg,2,4,7,4,5.0,0.0,16,10,16,14,6,3,4,4.3,226,4294,,4,4,0.75ug/kg,4294,,63,2,2147,69,1055,565,,527,283,,16.85,9.03,,49.1,26.3,
07/31/10,5,4,0.75ug/kg,2,7,4,4,5.0,0.0,23,33,24,27,12,7,6,8.3,180,5700,,5,4,0.75ug/kg,5700,,63,2,2850,91,1200,450,,600,225,,19.17,7.19,,42.1,15.8,
08/01/10,6,4,0.75ug/kg,2,3,5,3,3.7,0.0,21,19,26,22,1,3,4,2.7,207,5313,,6,4,0.75ug/kg,5313,,63,2,2657,85,656,380,,328,190,,10.47,6.06,,24.7,14.3,
08/02/10,7,4,0.75ug/kg,2,4,4,8,5.3,0.0,27,27,24,26,10,9,7,8.7,168,5264,,7,4,0.75ug/kg,5264,,63,2,2632,84,1176,448,,588,224,,18.79,7.16,,44.7,17.0,
08/03/10,8,4,0.75ug/kg,2,5,3,6,4.7,0.0,33,21,21,25,2,3,4,3.0,168,4984,,8,4,0.75ug/kg,4984,,63,2,2492,80,644,392,,322,196,,10.29,6.26,,25.8,15.7,
08/04/10,9,4,0.75ug/kg,2,6,8,4,6.0,0.0,20,16,19,18,5,3,4,4.0,131,3188,,9,4,0.75ug/kg,3188,,63,2,1594,51,655,393,,328,197,,10.46,6.28,,41.1,24.7,
08/05/10,10,4,0.75ug/kg,2,2,2,2,2.0,0.0,3,5,6,5,1,2,2,1.7,114,760,,10,4,0.75ug/kg,760,,63,2,380,12,209,114,,105,57,,3.34,1.82,,55.0,30.0,
08/06/10,11,4,0.75ug/kg,2,0,2,1,1.0,0.0,11,16,13,13,0,4,1,1.7,126,1806,,11,4,0.75ug/kg,1806,,62,2,903,29,168,63,,84,32,,2.71,1.02,,18.6,7.0,
08/07/10,12,4,0.75ug/kg,2,1,0,1,0.7,0.0,22,24,19,22,1,0,0,0.3,96,2144,,12,4,0.75ug/kg,2144,,62,2,1072,35,48,32,,24,16,,0.77,0.52,,4.5,3.0,
08/08/10,13,4,0.75ug/kg,2,1,0,0,0.3,0.0,19,20,26,22,1,2,2,1.7,61,1342,,13,4,0.75ug/kg,1342,,62,2,671,22,61,10,,31,5,,0.98,0.16,,9.1,1.5,
08/09/10,14,4,0.75ug/kg,2,0,1,3,1.3,0.0,2,0,0,1,0,0,0,0.0,68,136,,15,4,0.75ug/kg,136,,62,2,68,2,45,45,,23,23,,0.73,0.73,,66.7,66.7,
08/10/10,15,4,0.75ug/kg,2,6,3,5,4.7,0.0,12,8,16,12,5,4,6,5.0,93,1550,,14,4,0.75ug/kg,1550,,61,2,775,25,450,217,,225,109,,7.37,3.56,,58.0,28.0,
08/11/10,16,4,0.75ug/kg,2,2,2,2,2.0,0.0,9,8,11,9,0,4,2,2.0,64,725,,16,4,0.75ug/kg,725,,61,2,363,12,128,64,,64,32,,2.10,1.05,,35.3,17.6,
08/12/10,17,4,0.75ug/kg,2,1,1,5,2.3,0.0,5,2,5,4,1,1,1,1.0,39,247,,17,4,0.75ug/kg,247,,61,2,124,4,65,46,,33,23,,1.07,0.75,,52.6,36.8,
08/13/10,18,4,0.75ug/kg,2,3,1,1,1.7,0.0,4,5,5,5,1,3,1,1.7,56,355,,18,4,0.75ug/kg,355,,61,2,177,6,93,47,,47,23,,1.53,0.77,,52.6,26.3,
08/14/10,19,4,0.75ug/kg,2,1,4,4,3.0,0.0,7,6,8,7,3,2,3,2.7,43,430,,19,4,0.75ug/kg,430,,61,2,215,7,122,65,,61,32,,1.99,1.05,,56.7,30.0,
08/15/10,20,4,0.75ug/kg,2,3,4,3,3.3,0.0,34,42,31,36,5,4,4,4.3,90,3510,,20,4,0.75ug/kg,3510,,61,2,1755,57,345,150,,173,75,,5.63,2.45,,19.7,8.5,
08/16/10,21,4,0.75ug/kg,2,2,2,0,1.3,0.0,23,21,24,23,4,3,3,3.3,46,1104,,21,4,0.75ug/kg,1104,,61,2,552,18,107,31,,54,15,,1.75,0.50,,19.4,5.6,
08/17/10,22,4,0.75ug/kg,2,1,0,0,0.0,0.0,16,4,10,10,0,0,0,0.0,49,490,,22,4,0.75ug/kg,490,,61,2,245,8,0,0,,0,0,,0.00,0.00,,0.0,0.0,
08/18/10,23,4,0.75ug/kg,2,0,0,0,0.0,0.0,8,8,7,8,0,0,0,0.0,43,330,,23,4,0.75ug/kg,330,,60,2,165,5,0,0,,0,0,,0.00,0.00,,0.0,0.0,
08/19/10,24,4,0.75ug/kg,2,0,0,0,0.0,0.0,13,11,14,13,0,0,0,0.0,35,443,,24,4,0.75ug/kg,443,,59,2,222,7,0,0,,0,0,,0.00,0.00,,0.0,0.0,
07/27/10,1,5,0.75ug/kg,2,2,3,3,2.7,0.0,26,40,39,35,2,1,1,1.3,208,7835,,1,5,0.75ug/kg,7835,,72,2,3917,109,416,277,,208,139,,5.76,3.84,,10.6,7.1,
07/28/10,2,5,0.75ug/kg,2,4,8,7,6.3,0.0,45,36,58,46,13,8,14,11.7,236,12429,,2,5,0.75ug/kg,12429,,72,2,6215,172,2124,747,,1062,374,,29.42,10.35,,34.2,12.0,
07/29/10,3,5,0.75ug/kg,2,4,3,6,4.3,0.0,29,36,27,31,6,9,5,6.7,233,8155,,3,5,0.75ug/kg,8155,,72,2,4078,113,1282,505,,641,252,,17.75,6.99,,31.4,12.4,
07/30/10,4,5,0.75ug/kg,2,0,4,1,1.7,0.0,39,47,46,44,3,2,3,2.7,220,10047,,4,5,0.75ug/kg,10047,,72,2,5023,139,477,183,,238,92,,6.60,2.54,,9.5,3.6,
07/31/10,5,5,0.75ug/kg,2,0,0,0,0.0,0.0,36,43,19,33,0,0,0,0.0,242,7905,,5,5,0.75ug/kg,7905,,72,2,3953,109,0,0,,0,0,,0.00,0.00,,0.0,0.0,
08/01/10,6,5,0.75ug/kg,2,9,2,13,8.0,0.0,30,31,34,32,3,3,7,4.3,212,8409,,6,5,0.75ug/kg,8409,,72,2,4205,116,1307,848,,654,424,,18.11,11.75,,31.1,20.2,
08/02/10,7,5,0.75ug/kg,2,5,7,4,5.3,0.0,38,26,28,31,5,4,2,3.7,162,5832,,7,5,0.75ug/kg,5832,,72,2,2916,81,729,432,,365,216,,10.10,5.98,,25.0,14.8,
08/03/10,8,5,0.75ug/kg,2,4,0,0,1.3,0.0,37,37,33,36,1,0,3,1.3,201,7437,,8,5,0.75ug/kg,7437,,72,2,3719,103,268,134,,134,67,,3.71,1.86,,7.2,3.6,
08/04/10,9,5,0.75ug/kg,2,7,6,10,7.7,0.0,18,15,26,20,6,7,12,8.3,208,5685,,9,5,0.75ug/kg,5685,,72,2,2843,79,1664,797,,832,399,,23.05,11.04,,58.5,28.0,
08/05/10,10,5,0.75ug/kg,2,5,3,5,4.3,0.0,24,17,12,18,15,10,6,10.3,186,4092,,10,5,0.75ug/kg,4092,,72,2,2046,57,1364,403,,682,202,,18.89,5.58,,66.7,19.7,
08/06/10,11,5,0.75ug/kg,2,4,3,0,2.3,0.0,15,12,18,15,4,1,3,2.7,162,2808,,11,5,0.75ug/kg,2808,,70,2,1404,40,405,189,,203,95,,5.76,2.69,,28.8,13.5,
08/07/10,12,5,0.75ug/kg,2,8,6,8,7.3,0.0,21,16,28,22,13,6,14,11.0,77,2233,,12,5,0.75ug/kg,2233,,70,2,1117,32,706,282,,353,141,,10.04,4.02,,63.2,25.3,
08/08/10,13,5,0.75ug/kg,2,11,4,4,6.3,0.0,26,28,19,24,8,9,7,8.0,74,2269,,13,5,0.75ug/kg,2269,,70,2,1135,32,530,234,,265,117,,7.54,3.33,,46.7,20.7,
08/09/10,14,5,0.75ug/kg,2,9,9,6,8.0,0.0,9,8,6,8,2,3,2,2.3,60,940,,15,5,0.75ug/kg,940,,70,2,470,13,310,240,,155,120,,4.41,3.41,,66.0,51.1,
08/10/10,15,5,0.75ug/kg,2,10,5,8,7.7,0.0,17,15,21,18,6,3,11,6.7,93,2356,,14,5,0.75ug/kg,2356,,70,2,1178,34,667,357,,333,178,,9.58,5.12,,56.6,30.3,
08/11/10,16,5,0.75ug/kg,2,1,6,4,3.7,0.0,26,19,26,24,8,5,8,7.0,77,2105,,16,5,0.75ug/kg,2105,,70,2,1052,30,411,141,,205,71,,5.90,2.03,,39.0,13.4,
08/12/10,17,5,0.75ug/kg,2,4,5,9,6.0,0.0,24,27,22,24,6,13,8,9.0,45,1365,,17,5,0.75ug/kg,1365,,70,2,683,20,338,135,,169,68,,4.85,1.94,,49.5,19.8,
08/13/10,18,5,0.75ug/kg,2,21,20,19,20.0,0.0,21,12,13,15,7,5,4,5.3,59,2085,,18,5,0.75ug/kg,2085,,70,2,1042,30,747,590,,374,295,,10.74,8.48,,71.7,56.6,
08/14/10,19,5,0.75ug/kg,2,0,3,2,1.7,0.0,7,8,7,7,2,1,3,2.0,52,468,,19,5,0.75ug/kg,468,,70,2,234,7,95,43,,48,22,,1.36,0.62,,40.7,18.5,
08/15/10,20,5,0.75ug/kg,2,7,3,8,6.0,0.0,48,41,43,44,9,7,9,8.3,70,3500,,20,5,0.75ug/kg,3500,,70,2,1750,50,502,210,,251,105,,7.15,2.99,,28.7,12.0,
08/16/10,21,5,0.75ug/kg,2,5,4,6,5.0,0.0,36,31,26,31,9,6,4,6.3,52,1872,,21,5,0.75ug/kg,1872,,70,2,936,27,295,130,,147,65,,4.20,1.85,,31.5,13.9,
08/17/10,22,5,0.75ug/kg,2,0,1,2,1.0,0.0,27,26,27,27,3,4,4,3.7,60,1660,,22,5,0.75ug/kg,1660,,70,2,830,24,140,30,,70,15,,1.99,0.43,,16.9,3.6,
08/18/10,23,5,0.75ug/kg,2,2,3,0,1.7,0.0,25,39,32,32,3,3,5,3.7,69,2323,,23,5,0.75ug/kg,2323,,69,2,1162,34,184,58,,92,29,,2.67,0.83,,15.8,5.0,
08/19/10,24,5,0.75ug/kg,2,0,0,0,0.0,0.0,23,31,24,26,0,0,0,0.0,43,1118,,24,5,0.75ug/kg,1118,,68,2,559,16,0,0,,0,0,,0.00,0.00,,0.0,0.0,
07/27/10,1,6,0.075ug/kg,2,8,3,4,5.0,0.0,42,45,36,41,7,7,8,7.3,207,9522,,1,6,0.075ug/kg,9522,,64,2,4761,150,1277,518,,638,259,,20.10,8.15,,26.8,10.9,
07/28/10,2,6,0.075ug/kg,2,7,6,8,7.0,0.0,19,15,31,22,5,7,6,6.0,249,7138,,2,6,0.075ug/kg,7138,,64,2,3569,112,1619,872,,809,436,,25.49,13.72,,45.3,24.4,
07/29/10,3,6,0.075ug/kg,2,0,0,2,0.7,0.0,16,23,12,17,0,0,0,0.0,152,2685,,3,6,0.075ug/kg,2685,,64,2,1343,42,51,51,,25,25,,0.80,0.80,,3.8,3.8,
07/30/10,4,6,0.075ug/kg,2,3,2,0,1.7,0.0,25,19,16,20,0,0,0,0.0,166,3597,,4,6,0.075ug/kg,3597,,64,2,1798,57,138,138,,69,69,,2.18,2.18,,7.7,7.7,
07/31/10,5,6,0.075ug/kg,2,2,0,2,1.3,0.0,34,24,32,30,4,4,2,3.3,150,4700,,5,6,0.075ug/kg,4700,,64,2,2350,74,350,100,,175,50,,5.51,1.57,,14.9,4.3,
08/01/10,6,6,0.075ug/kg,2,0,0,0,0.0,0.0,29,17,18,21,0,0,0,0.0,79,1685,,6,6,0.075ug/kg,1685,,64,2,843,27,0,0,,0,0,,0.00,0.00,,0.0,0.0,
08/02/10,7,6,0.075ug/kg,2,3,6,1,3.3,0.0,53,39,48,47,4,6,2,4.0,143,7150,,7,6,0.075ug/kg,7150,,64,2,3575,113,524,238,,262,119,,8.26,3.75,,14.7,6.7,
08/03/10,8,6,0.075ug/kg,2,4,1,3,2.7,0.0,24,17,18,20,9,5,5,6.3,188,4199,,8,6,0.075ug/kg,4199,,64,2,2099,66,846,251,,423,125,,13.32,3.95,,40.3,11.9,
08/04/10,9,6,0.075ug/kg,2,6,1,4,3.7,0.0,26,32,27,28,5,5,7,5.7,200,6400,,9,6,0.075ug/kg,6400,,64,2,3200,101,933,367,,467,183,,14.70,5.77,,29.2,11.5,
08/05/10,10,6,0.075ug/kg,2,4,5,5,4.7,0.0,9,9,7,8,3,4,5,4.0,103,1339,,10,6,0.075ug/kg,1339,,64,2,670,21,446,240,,223,120,,7.03,3.78,,66.7,35.9,
08/06/10,11,6,0.075ug/kg,2,3,3,6,4.0,0.0,19,22,23,21,4,7,6,5.7,94,2381,,11,6,0.075ug/kg,2381,,62,2,1191,39,454,188,,227,94,,7.36,3.05,,38.2,15.8,
08/07/10,12,6,0.075ug/kg,2,3,3,3,3.0,0.0,23,30,26,26,3,2,1,2.0,94,2757,,12,6,0.075ug/kg,2757,,62,2,1379,45,235,141,,118,71,,3.81,2.29,,17.0,10.2,
08/08/10,13,6,0.075ug/kg,2,5,8,5,6.0,0.0,46,50,68,55,8,10,9,9.0,86,5217,,13,6,0.075ug/kg,5217,,62,2,2609,85,645,258,,323,129,,10.45,4.18,,24.7,9.9,
08/09/10,14,6,0.075ug/kg,2,6,6,13,8.3,0.0,16,13,15,15,8,6,9,7.7,60,1380,,15,6,0.075ug/kg,1380,,62,2,690,22,480,250,,240,125,,7.78,4.05,,69.6,36.2,
08/10/10,15,6,0.075ug/kg,2,5,4,7,5.3,0.0,22,14,22,19,13,8,13,11.3,78,1924,,14,6,0.075ug/kg,1924,,61,2,962,32,650,208,,325,104,,10.73,3.43,,67.6,21.6,
08/11/10,16,6,0.075ug/kg,2,0,5,5,3.3,0.0,20,17,21,19,0,3,1,1.3,87,1972,,16,6,0.075ug/kg,1972,,61,2,986,33,203,145,,102,73,,3.35,2.39,,20.6,14.7,
08/12/10,17,6,0.075ug/kg,2,2,1,2,1.7,0.0,27,13,31,24,5,3,10,6.0,70,1773,,17,6,0.075ug/kg,1773,,61,2,887,29,268,58,,134,29,,4.43,0.96,,30.3,6.6,
08/13/10,18,6,0.075ug/kg,2,2,9,14,8.3,0.0,22,30,31,28,2,3,1,2.0,86,3096,,18,6,0.075ug/kg,3096,,61,2,1548,51,444,358,,222,179,,7.33,5.91,,28.7,23.1,
08/14/10,19,6,0.075ug/kg,2,7,6,10,7.7,0.0,24,28,42,31,4,4,4,4.0,56,2184,,19,6,0.075ug/kg,2184,,60,2,1092,36,327,215,,163,107,,5.42,3.56,,29.9,19.7,
08/15/10,20,6,0.075ug/kg,2,1,1,1,1.0,0.0,12,6,14,11,2,2,2,2.0,103,1202,,20,6,0.075ug/kg,1202,,60,2,601,20,155,52,,77,26,,2.56,0.85,,25.7,8.6,
08/16/10,21,6,0.075ug/kg,2,20,15,21,18.7,0.0,44,35,33,37,10,8,11,9.7,57,3192,,21,6,0.075ug/kg,3192,,60,2,1596,53,808,532,,404,266,,13.39,8.82,,50.6,33.3,
08/17/10,22,6,0.075ug/kg,2,13,15,6,11.3,0.0,24,28,25,26,10,16,14,13.3,46,1702,,22,6,0.075ug/kg,1702,,60,2,851,28,567,261,,284,130,,9.41,4.32,,66.7,30.6,
08/18/10,23,6,0.075ug/kg,2,2,6,3,3.7,0.0,30,26,25,27,4,6,6,5.3,51,1564,,23,6,0.075ug/kg,1564,,60,2,782,26,230,94,,115,47,,3.81,1.55,,29.3,12.0,
08/19/10,24,6,0.075ug/kg,2,0,1,0,0.3,0.0,68,49,68,62,0,0,0,0.0,81,5022,,24,6,0.075ug/kg,5022,,59,2,2511,86,14,14,,7,7,,0.23,0.23,,0.5,0.5,
07/27/10,1,7,control,2,6,11,14,10.3,0.0,51,47,44,47,4,8,5,5.7,232,13379,,1,7,control,13379,,69,2,6689,193,1856,1199,,928,599,,26.74,17.27,,27.7,17.9,
07/28/10,2,7,control,2,9,9,10,9.3,0.0,40,46,62,49,10,8,11,9.7,249,14608,,2,7,control,14608,,69,2,7304,210,2366,1162,,1183,581,,34.09,16.74,,32.4,15.9,
07/29/10,3,7,control,2,18,18,19,18.3,0.0,23,16,23,21,14,11,11,12.0,238,9282,,3,7,control,9282,,69,2,4641,134,3610,2182,,1805,1091,,52.01,31.44,,77.8,47.0,
07/30/10,4,7,control,2,8,8,14,10.0,0.0,13,22,15,17,5,11,7,7.7,236,6293,,4,7,control,6293,,69,2,3147,91,2085,1180,,1042,590,,30.04,17.00,,66.3,37.5,
07/31/10,5,7,control,2,2,4,3,3.0,0.0,33,22,32,29,7,7,8,7.3,248,7936,,5,7,control,7936,,69,2,3968,114,1281,372,,641,186,,18.46,5.36,,32.3,9.4,
08/01/10,6,7,control,2,6,6,9,7.0,0.0,25,24,13,21,8,9,6,7.7,233,6446,,6,7,control,6446,,69,2,3223,93,1709,816,,854,408,,24.62,11.75,,53.0,25.3,
08/02/10,7,7,control,2,3,4,3,3.3,0.0,28,20,30,26,2,1,4,2.3,236,6923,,7,7,control,6923,,69,2,3461,100,669,393,,334,197,,9.63,5.67,,19.3,11.4,
08/03/10,8,7,control,2,4,4,2,3.3,0.0,31,24,24,26,1,1,1,1.0,234,6942,,8,7,control,6942,,69,2,3471,100,507,390,,254,195,,7.31,5.62,,14.6,11.2,
08/04/10,9,7,control,2,12,8,9,9.7,0.0,11,15,16,14,6,6,6,6.0,228,5396,,9,7,control,5396,,69,2,2698,78,1786,1102,,893,551,,25.73,15.88,,66.2,40.8,
08/05/10,10,7,control,2,9,11,13,11.0,0.0,17,20,17,18,5,4,5,4.7,172,4988,,10,7,control,4988,,69,2,2494,72,1347,946,,674,473,,19.41,13.63,,54.0,37.9,
08/06/10,11,7,control,2,12,12,17,13.7,0.0,24,30,29,28,17,14,14,15.0,106,4381,,11,7,control,4381,,69,2,2191,63,1519,724,,760,362,,22.02,10.50,,69.4,33.1,
08/07/10,12,7,control,2,9,9,9,9.0,0.0,40,41,33,38,7,6,9,7.3,178,8366,,12,7,control,8366,,69,2,4183,121,1454,801,,727,401,,21.07,11.61,,34.8,19.1,
08/08/10,13,7,control,2,9,17,13,13.0,0.0,13,17,15,15,5,11,5,7.0,144,4032,,13,7,control,4032,,69,2,2016,58,1440,936,,720,468,,20.87,13.57,,71.4,46.4,
08/09/10,14,7,control,2,21,37,32,30.0,0.0,22,30,32,28,20,27,28,25.0,99,5742,,15,7,control,5742,,69,2,2871,83,2723,1485,,1361,743,,39.46,21.52,,94.8,51.7,
08/10/10,15,7,control,2,16,9,16,13.7,0.0,23,13,20,19,20,10,15,15.0,176,5691,,14,7,control,5691,,67,2,2845,85,2523,1203,,1261,601,,37.54,17.90,,88.7,42.3,
08/11/10,16,7,control,2,4,4,6,4.7,0.0,33,30,30,31,4,6,6,5.3,155,5528,,16,7,control,5528,,67,2,2764,82,775,362,,388,181,,11.53,5.38,,28.0,13.1,
08/12/10,17,7,control,2,11,22,14,15.7,0.0,29,26,22,26,9,5,9,7.7,140,5787,,17,7,control,5787,,67,2,2893,86,1633,1097,,817,548,,24.31,16.32,,56.5,37.9,
08/13/10,18,7,control,2,5,9,9,4.3,4.3,17,16,19,17,12,10,12,11.3,199,4305,,18,7,control,4305,,67,2,2153,64,1128,0,,564,0,,16.78,0.00,,52.4,0.0,
08/14/10,19,7,control,2,7,6,13,8.7,0.0,22,23,24,23,8,7,3,6.0,127,4022,,19,7,control,4022,,67,2,2011,60,931,550,,466,275,,13.86,8.19,,46.3,27.4,
08/15/10,20,7,control,2,13,8,11,10.7,0.0,13,15,20,16,10,7,9,8.7,196,5227,,20,7,control,5227,,67,2,2613,78,1895,1045,,947,523,,28.19,15.56,,72.5,40.0,
08/16/10,21,7,control,2,8,19,14,13.7,0.0,19,26,27,24,6,9,9,8.0,62,2335,,21,7,control,2335,,67,2,1168,35,672,424,,336,212,,10.00,6.30,,57.5,36.3,
08/17/10,22,7,control,2,13,11,16,13.3,0.0,17,21,22,20,14,17,15,15.3,95,3167,,22,7,control,3167,,67,2,1583,47,1362,633,,681,317,,20.26,9.42,,86.0,40.0,
08/18/10,23,7,control,2,11,10,7,9.3,0.0,19,21,26,22,5,5,12,7.3,141,4418,,23,7,control,4418,,65,2,2209,68,1175,658,,588,329,,17.97,10.06,,53.2,29.8,
08/19/10,24,7,control,2,12,11,9,0.0,0.0,27,23,25,25,7,13,11,10.3,170,4250,,24,7,control,4250,,64,2,2125,66,878,0,,439,0,,13.68,0.00,,41.3,0.0,
07/27/10,1,8,0.075ug/kg,2,1,3,6,3.3,0.0,66,49,60,58,2,1,1,1.3,247,15232,,1,8,0.075ug/kg,15232,,107,2,7616,142,576,412,,288,206,,5.37,3.84,,7.6,5.4,
07/28/10,2,8,0.075ug/kg,2,5,8,8,7.0,0.0,33,48,43,41,16,31,20,22.3,251,12132,,2,8,0.075ug/kg,12132,,107,2,6066,113,3681,879,,1841,439,,34.31,8.19,,60.7,14.5,
07/29/10,3,8,0.075ug/kg,2,5,4,3,4.0,0.0,22,21,15,19,11,15,9,11.7,230,5367,,3,8,0.075ug/kg,5367,,107,2,2683,50,1802,460,,901,230,,16.79,4.29,,67.1,17.1,
07/30/10,4,8,0.075ug/kg,2,9,13,14,12.0,0.0,48,66,50,55,13,16,13,14.0,236,15733,,4,8,0.075ug/kg,15733,,107,2,7867,147,3068,1416,,1534,708,,28.59,13.20,,39.0,18.0,
07/31/10,5,8,0.075ug/kg,2,7,7,8,7.3,0.0,34,44,32,37,7,9,2,6.0,252,11088,,5,8,0.075ug/kg,11088,,107,2,5544,103,1680,924,,840,462,,15.66,8.61,,30.3,16.7,
08/01/10,6,8,0.075ug/kg,2,12,12,7,10.3,0.0,24,29,22,25,2,2,2,2.0,246,8692,,6,8,0.075ug/kg,8692,,107,2,4346,81,1517,1271,,759,636,,14.14,11.85,,34.9,29.2,
08/02/10,7,8,0.075ug/kg,2,0,0,0,0.0,0.0,12,9,10,10,0,0,0,0.0,30,310,,7,8,0.075ug/kg,310,,107,2,155,3,0,0,,0,0,,0.00,0.00,,0.0,0.0,
08/03/10,8,8,0.075ug/kg,2,9,7,10,8.7,0.0,57,48,51,52,13,13,13,13.0,250,15167,,8,8,0.075ug/kg,15167,,107,2,7583,141,2708,1083,,1354,542,,25.24,10.10,,35.7,14.3,
08/04/10,9,8,0.075ug/kg,2,11,9,16,12.0,0.0,30,29,30,30,16,19,18,17.7,217,9042,,9,8,0.075ug/kg,9042,,107,2,4521,84,3219,1302,,1609,651,,30.00,12.13,,71.2,28.8,
08/05/10,10,8,0.075ug/kg,2,4,3,3,3.3,0.0,24,22,19,22,5,3,5,4.3,159,3975,,10,8,0.075ug/kg,3975,,107,2,1988,37,610,265,,305,133,,5.68,2.47,,0.0,0.0,
08/06/10,11,8,0.075ug/kg,2,0,0,0,0.0,0.0,2,0,2,1,0,0,0,0.0,37,49,,11,8,0.075ug/kg,49,,101,2,25,0,0,0,,0,0,,0.00,0.00,,0.0,0.0,
08/07/10,12,8,0.075ug/kg,2,1,4,4,3.0,0.0,31,27,37,32,3,2,4,3.0,164,5685,,12,8,0.075ug/kg,5685,,101,2,2843,56,492,246,,246,123,,4.87,2.43,,17.3,8.7,
08/08/10,13,8,0.075ug/kg,2,1,2,2,1.7,0.0,14,14,13,14,3,2,1,2.0,136,2085,,13,8,0.075ug/kg,2085,,101,2,1043,21,249,113,,125,57,,2.47,1.12,,23.9,10.9,
08/09/10,14,8,0.075ug/kg,2,4,1,1,2.0,0.0,14,14,17,15,3,5,4,4.0,54,918,,15,8,0.075ug/kg,918,,101,2,459,9,162,54,,81,27,,1.60,0.53,,35.3,11.8,
08/10/10,15,8,0.075ug/kg,2,12,18,19,16.3,0.0,11,9,15,12,4,8,7,6.3,48,1344,,14,8,0.075ug/kg,1344,,98,2,672,14,544,392,,272,196,,5.53,3.98,,81.0,58.3,
08/11/10,16,8,0.075ug/kg,2,3,0,3,2.0,0.0,10,14,20,15,3,4,4,3.7,136,2267,,16,8,0.075ug/kg,2267,,98,2,1133,23,385,136,,193,68,,3.92,1.38,,34.0,12.0,
08/12/10,17,8,0.075ug/kg,2,7,2,4,4.3,0.0,9,11,14,11,3,4,3,3.3,33,517,,16,8,0.075ug/kg,517,,98,2,259,5,127,72,,63,36,,1.29,0.73,,48.9,27.7,
08/13/10,18,8,0.075ug/kg,2,0,0,0,0.0,0.0,9,8,3,7,0,0,0,0.0,47,313,,18,8,0.075ug/kg,313,,98,2,157,3,0,0,,0,0,,0.00,0.00,,0.0,0.0,
08/14/10,19,8,0.075ug/kg,2,0,0,0,0.0,0.0,0,0,0,0,0,0,0,0.0,53,0,,19,8,0.075ug/kg,0,,98,2,0,0,0,0,,0,0,,0.00,0.00,,0.0,0.0,
08/15/10,20,8,0.075ug/kg,2,0,1,1,0.7,0.0,31,40,42,38,1,2,1,1.3,70,2683,,20,8,0.075ug/kg,2683,,98,2,1342,27,70,23,,35,12,,0.71,0.24,,5.2,1.7,
08/16/10,21,8,0.075ug/kg,2,0,0,0,0.0,0.0,2,1,3,2,0,0,0,0.0,45,90,,21,8,0.075ug/kg,90,,98,2,45,1,0,0,,0,0,,0.00,0.00,,0.0,0.0,
08/17/10,22,8,0.075ug/kg,2,0,0,0,0.0,0.0,1,2,0,1,0,0,0,0.0,28,28,,22,8,0.075ug/kg,28,,98,2,14,0,0,0,,0,0,,0.00,0.00,,0.0,0.0,
08/18/10,23,8,0.075ug/kg,2,0,0,0,0.0,0.0,0,0,0,0,0,0,0,0.0,34,0,,23,8,0.075ug/kg,0,,98,2,0,0,0,0,,0,0,,0.00,0.00,,0.0,0.0,
08/19/10,24,8,0.075ug/kg,2,0,0,0,0.0,0.0,10,6,5,7,0,0,0,0.0,47,329,,24,8,0.075ug/kg,329,,97,2,165,3,0,0,,0,0,,0.00,0.00,,0.0,0.0,
07/27/10,1,9,0.75ug/kg,2,6,7,8,7.0,0.0,46,51,51,49,37,40,39,38.7,244,13745,,1,9,0.75ug/kg,13745,,96,2,6873,143,5571,854,,2786,427,,58.10,8.91,,81.1,12.4,
07/28/10,2,9,0.75ug/kg,2,6,7,2,5.0,0.0,43,57,61,54,15,16,19,16.7,249,14608,,2,9,0.75ug/kg,14608,,96,2,7304,152,2698,623,,1349,311,,28.13,6.49,,36.9,8.5,
07/29/10,3,9,0.75ug/kg,2,15,12,11,12.7,0.0,44,49,66,53,14,11,14,13.0,246,16154,,3,9,0.75ug/kg,16154,,96,2,8077,168,3157,1558,,1579,779,,32.92,16.25,,39.1,19.3,
07/30/10,4,9,0.75ug/kg,2,10,4,6,6.7,0.0,27,27,19,24,3,5,3,3.7,251,7781,,4,9,0.75ug/kg,7781,,96,2,3891,81,1297,837,,648,418,,13.52,8.72,,33.3,21.5,
07/31/10,5,9,0.75ug/kg,2,4,4,5,4.3,0.0,68,61,61,63,16,14,11,13.7,240,16240,,5,9,0.75ug/kg,16240,,96,2,8120,169,2160,520,,1080,260,,22.52,5.42,,26.6,6.4,
08/01/10,6,9,0.75ug/kg,2,6,7,6,6.3,0.0,30,26,38,31,2,2,3,2.3,248,9341,,6,9,0.75ug/kg,9341,,96,2,4671,97,1075,785,,537,393,,11.21,8.19,,23.0,16.8,
08/02/10,7,9,0.75ug/kg,2,2,6,4,4.0,0.0,39,44,27,37,1,3,4,2.7,233,9475,,7,9,0.75ug/kg,9475,,96,2,4738,99,777,466,,388,233,,8.10,4.86,,16.4,9.8,
08/03/10,8,9,0.75ug/kg,2,2,3,0,1.7,0.0,29,24,20,24,1,2,1,1.3,262,6812,,8,9,0.75ug/kg,6812,,96,2,3406,71,393,218,,197,109,,4.10,2.28,,11.5,6.4,
08/04/10,9,9,0.75ug/kg,2,6,5,1,4.0,0.0,23,32,25,27,0,0,0,0.0,245,7513,,9,9,0.75ug/kg,7513,,96,2,3757,78,490,490,,245,245,,5.11,5.11,,13.0,13.0,
08/05/10,10,9,0.75ug/kg,2,1,2,2,1.7,0.0,3,11,11,8,0,0,0,0.0,41,410,,10,9,0.75ug/kg,410,,96,2,205,4,34,34,,17,17,,0.36,0.36,,16.7,16.7,
08/06/10,11,9,0.75ug/kg,2,0,0,0,0.0,0.0,18,19,13,17,0,0,0,0.0,238,3967,,11,9,0.75ug/kg,3967,,94,2,1983,42,0,0,,0,0,,0.00,0.00,,0.0,0.0,
08/07/10,12,9,0.75ug/kg,2,0,0,0,0.0,0.0,8,9,17,11,0,0,0,0.0,124,1405,,12,9,0.75ug/kg,1405,,94,2,703,15,0,0,,0,0,,0.00,0.00,,0.0,0.0,
08/08/10,13,9,0.75ug/kg,2,1,8,4,4.3,0.0,35,30,35,33,1,2,2,1.7,171,6441,,13,9,0.75ug/kg,6441,,94,2,3221,68,513,371,,257,185,,5.45,3.93,,15.9,11.5,
08/09/10,14,9,0.75ug/kg,1,0,0,0,0.0,0.0,1,3,0,1,0,0,0,0.0,48,64,,15,9,0.75ug/kg,64,,94,1,64,1,0,0,,0,0,,0.00,0.00,,0.0,0.0,
08/10/10,15,9,0.75ug/kg,1,0,0,0,0.0,0.0,0,0,0,0,0,0,0,0.0,31,0,,14,9,0.75ug/kg,0,,93,1,0,0,0,0,,0,0,,0.00,0.00,,0.0,0.0,
08/11/10,16,9,0.75ug/kg,1,0,0,0,0.0,0.0,3,6,6,5,0,0,0,0.0,29,145,,16,9,0.75ug/kg,145,,93,1,145,2,0,0,,0,0,,0.00,0.00,,0.0,0.0,
08/12/10,17,9,0.75ug/kg,1,2,5,7,4.7,0.0,25,47,37,36,4,4,4,4.0,61,2501,,17,9,0.75ug/kg,2501,,93,1,2501,27,529,285,,529,285,,5.67,3.05,,21.1,11.4,
08/13/10,18,9,0.75ug/kg,1,0,0,0,0.0,0.0,0,2,0,1,0,0,0,0.0,62,41,,18,9,0.75ug/kg,41,,93,1,41,0,0,0,,0,0,,0.00,0.00,,0.0,0.0,
08/14/10,19,9,0.75ug/kg,1,0,0,0,0.0,0.0,3,2,3,3,0,0,0,0.0,35,93,,19,9,0.75ug/kg,93,,93,1,93,1,0,0,,0,0,,0.00,0.00,,0.0,0.0,
08/15/10,20,9,0.75ug/kg,1,0,0,0,0.0,0.0,36,47,43,42,0,0,0,0.0,222,9324,,20,9,0.75ug/kg,9324,,93,1,9324,100,0,0,,0,0,,0.00,0.00,,0.0,0.0,
08/16/10,21,9,0.75ug/kg,1,0,0,0,0.0,0.0,8,2,8,6,0,0,0,0.0,45,270,,21,9,0.75ug/kg,270,,93,1,270,3,0,0,,0,0,,0.00,0.00,,0.0,0.0,
08/17/10,22,9,0.75ug/kg,1,0,0,0,0.0,0.0,9,5,10,8,0,0,0,0.0,30,240,,22,9,0.75ug/kg,240,,93,1,240,3,0,0,,0,0,,0.00,0.00,,0.0,0.0,
08/18/10,23,9,0.75ug/kg,1,0,0,0,0.0,0.0,17,23,24,21,0,0,0,0.0,136,2901,,23,9,0.75ug/kg,2901,,90,1,2901,32,0,0,,0,0,,0.00,0.00,,0.0,0.0,
08/19/10,24,9,0.75ug/kg,1,0,0,0,0.0,0.0,2,5,2,3,0,0,0,0.0,23,69,,24,9,0.75ug/kg,69,,91,1,69,1,0,0,,0,0,,0.00,0.00,,0.0,0.0,
07/27/10,1,10,0.075ug/kg,2,5,6,12,7.7,0.0,37,36,34,36,12,9,6,9.0,230,9967,,1,10,0.075ug/kg,9967,,60,2,4983,168,1917,882,,958,441,,32.21,14.82,,38.5,17.7,
07/28/10,2,10,0.075ug/kg,2,14,10,9,11.0,0.0,30,40,42,37,3,4,2,3.0,182,8797,,2,10,0.075ug/kg,8797,,60,2,4398,148,1274,1001,,637,501,,21.41,16.82,,29.0,22.8,
07/29/10,3,10,0.075ug/kg,2,6,5,4,5.0,0.0,17,14,25,19,3,4,3,3.3,162,3834,,3,10,0.075ug/kg,3834,,60,2,1917,64,675,405,,338,203,,11.34,6.81,,35.2,21.1,
07/30/10,4,10,0.075ug/kg,2,4,9,10,7.7,0.0,30,38,40,36,19,25,29,24.3,187,8166,,4,10,0.075ug/kg,8166,,66,2,4083,125,2992,717,,1496,358,,45.68,10.94,,73.3,17.6,
07/31/10,5,10,0.075ug/kg,2,9,2,9,6.7,0.0,34,41,34,36,28,24,21,24.3,232,9976,,5,10,0.075ug/kg,9976,,66,2,4988,152,3596,773,,1798,387,,54.90,11.81,,72.1,15.5,
08/01/10,6,10,0.075ug/kg,2,11,10,7,9.3,0.0,25,28,25,26,19,21,19,19.7,226,7985,,6,10,0.075ug/kg,7985,,66,2,3993,122,3277,1055,,1639,527,,50.03,16.10,,82.1,26.4,
08/02/10,7,10,0.075ug/kg,2,7,10,9,8.7,0.0,30,27,28,28,23,18,16,19.0,205,7585,,7,10,0.075ug/kg,7585,,66,2,3793,116,2836,888,,1418,444,,43.30,13.56,,74.8,23.4,
08/03/10,8,10,0.075ug/kg,2,8,8,6,7.3,0.0,20,14,14,16,12,10,6,9.3,242,5647,,8,10,0.075ug/kg,5647,,66,2,2823,86,2017,887,,1008,444,,30.79,13.55,,71.4,31.4,
08/04/10,9,10,0.075ug/kg,2,15,18,15,16.0,0.0,23,16,17,19,12,10,12,11.3,205,7107,,9,10,0.075ug/kg,7107,,66,2,3553,108,2802,1640,,1401,820,,42.77,25.04,,78.8,46.2,
08/05/10,10,10,0.075ug/kg,2,5,10,10,8.3,0.0,5,4,10,6,1,0,0,0.3,134,1965,,10,10,0.075ug/kg,1965,,66,2,983,30,581,558,,290,279,,8.87,8.52,,59.1,56.8,
08/06/10,11,10,0.075ug/kg,2,15,9,13,12.3,0.0,3,10,8,7,1,1,0,0.7,74,1431,,11,10,0.075ug/kg,1431,,66,2,715,22,481,456,,241,228,,7.31,6.94,,67.2,63.8,
08/07/10,12,10,0.075ug/kg,2,6,8,5,6.3,0.0,14,19,14,16,7,11,9,9.0,68,1496,,12,10,0.075ug/kg,1496,,66,2,748,23,521,215,,261,108,,7.92,3.27,,69.7,28.8,
08/08/10,13,10,0.075ug/kg,2,4,3,3,3.3,0.0,11,14,19,15,6,3,2,3.7,60,1080,,13,10,0.075ug/kg,1080,,66,2,540,16,210,100,,105,50,,3.19,1.52,,38.9,18.5,
08/09/10,14,10,0.075ug/kg,2,8,8,5,7.0,0.0,9,8,6,8,5,5,6,5.3,61,895,,15,10,0.075ug/kg,895,,66,2,447,14,376,214,,188,107,,5.72,3.24,,84.1,47.7,
08/10/10,15,10,0.075ug/kg,2,8,4,4,5.3,0.0,17,13,10,13,10,10,8,9.3,98,1829,,14,10,0.075ug/kg,1829,,65,2,915,28,719,261,,359,131,,10.99,4.00,,78.6,28.6,
08/11/10,16,10,0.075ug/kg,2,3,5,6,4.7,0.0,24,20,28,24,8,6,8,7.3,62,1777,,16,10,0.075ug/kg,1777,,65,2,889,27,372,145,,186,72,,5.69,2.21,,41.9,16.3,
08/12/10,17,10,0.075ug/kg,2,7,3,10,6.7,0.0,34,21,26,27,13,6,12,10.3,58,1953,,17,10,0.075ug/kg,1953,,65,2,976,30,493,193,,247,97,,7.54,2.96,,50.5,19.8,
08/13/10,18,10,0.075ug/kg,2,3,12,6,7.0,0.0,8,2,6,5,0,0,0,0.0,79,974,,18,10,0.075ug/kg,974,,65,2,487,15,277,277,,138,138,,4.23,4.23,,56.8,56.8,
08/14/10,19,10,0.075ug/kg,2,3,6,9,6.0,0.0,28,27,28,28,7,9,4,6.7,66,2222,,19,10,0.075ug/kg,2222,,67,2,1111,33,418,198,,209,99,,6.29,2.98,,37.6,17.8,
08/15/10,20,10,0.075ug/kg,2,7,5,8,6.7,0.0,21,23,28,24,6,4,3,4.3,95,2913,,20,10,0.075ug/kg,2913,,67,2,1457,44,523,317,,261,158,,7.86,4.76,,35.9,21.7,
08/16/10,21,10,0.075ug/kg,2,11,7,5,7.7,0.0,30,31,28,30,6,6,7,6.3,51,1904,,21,10,0.075ug/kg,1904,,67,2,952,29,357,196,,179,98,,5.37,2.94,,37.5,20.5,
08/17/10,22,10,0.075ug/kg,2,13,14,13,13.3,0.0,41,26,65,44,13,15,22,16.7,80,4587,,22,10,0.075ug/kg,4587,,67,2,2293,69,1200,533,,600,267,,18.05,8.02,,52.3,23.3,
08/18/10,23,10,0.075ug/kg,2,4,10,14,9.3,0.0,14,15,13,14,11,12,13,12.0,86,2007,,23,10,0.075ug/kg,2007,,67,2,1003,30,917,401,,459,201,,13.77,6.03,,91.4,40.0,
08/19/10,24,10,0.075ug/kg,2,19,23,14,18.7,0.0,33,22,22,26,5,3,4,4.0,126,5586,,24,10,0.075ug/kg,5586,,65,2,2793,86,1428,1176,,714,588,,22.07,18.18,,51.1,42.1,
07/27/10,1,11,0.075ug/kg,2,4,6,1,3.7,0.0,30,44,25,33,11,19,7,12.3,232,8507,,1,11,0.075ug/kg,8507,,59,2,4253,145,1856,425,,928,213,,31.67,7.26,,43.6,10.0,
07/28/10,2,11,0.075ug/kg,2,10,10,11,10.3,0.0,31,18,29,26,14,8,12,11.3,190,6903,,2,11,0.075ug/kg,6903,,59,2,3452,118,2058,982,,1029,491,,35.13,16.75,,59.6,28.4,
07/29/10,3,11,0.075ug/kg,2,2,5,5,4.0,0.0,26,26,33,28,7,4,2,4.3,137,4430,,3,11,0.075ug/kg,4430,,59,2,2215,76,571,274,,285,137,,9.74,4.68,,25.8,12.4,
07/30/10,4,11,0.075ug/kg,2,5,9,16,10.0,0.0,16,18,23,19,8,9,13,10.0,197,5713,,4,11,0.075ug/kg,5713,,59,2,2857,97,1970,985,,985,493,,33.62,16.81,,69.0,34.5,
07/31/10,5,11,0.075ug/kg,2,7,7,4,6.0,0.0,29,22,21,24,4,5,5,4.7,187,5610,,5,11,0.075ug/kg,5610,,59,2,2805,96,997,561,,499,281,,17.02,9.57,,35.6,20.0,
08/01/10,6,11,0.075ug/kg,2,2,6,7,5.0,0.0,10,12,15,12,4,2,6,4.0,174,3016,,6,11,0.075ug/kg,3016,,59,2,1508,51,783,435,,392,218,,13.36,7.42,,51.9,28.8,
08/02/10,7,11,0.075ug/kg,2,10,4,9,7.7,0.0,20,29,18,22,3,5,2,3.3,136,4080,,7,11,0.075ug/kg,4080,,59,2,2040,70,748,521,,374,261,,12.76,8.90,,36.7,25.6,
08/03/10,8,11,0.075ug/kg,2,8,6,5,6.3,0.0,27,26,29,27,6,6,7,6.3,183,6161,,8,11,0.075ug/kg,6161,,59,2,3081,105,1159,580,,580,290,,19.78,9.89,,37.6,18.8,
08/04/10,9,11,0.075ug/kg,2,5,7,4,5.3,0.0,4,4,6,5,0,2,2,1.3,76,760,,9,11,0.075ug/kg,760,,59,2,380,13,253,203,,127,101,,4.32,3.46,,66.7,53.3,
08/05/10,10,11,0.075ug/kg,2,6,1,8,5.0,0.0,9,7,6,7,0,1,0,0.3,100,1233,,10,11,0.075ug/kg,1233,,59,2,617,21,267,250,,133,125,,4.55,4.27,,43.2,40.5,
08/06/10,11,11,0.075ug/kg,2,11,3,6,6.7,0.0,14,11,13,13,3,2,4,3.0,80,1547,,11,11,0.075ug/kg,1547,,57,2,773,27,387,267,,193,133,,6.81,4.69,,50.0,34.5,
08/07/10,12,11,0.075ug/kg,2,11,7,9,9.0,0.0,19,24,20,21,13,6,12,10.3,82,2460,,12,11,0.075ug/kg,2460,,57,2,1230,43,793,369,,396,185,,13.96,6.50,,64.4,30.0,
08/08/10,13,11,0.075ug/kg,2,2,2,2,2.0,0.0,15,7,11,11,4,3,4,3.7,61,793,,13,11,0.075ug/kg,793,,57,2,397,14,173,61,,86,31,,3.04,1.07,,43.6,15.4,
08/09/10,14,11,0.075ug/kg,2,6,3,10,6.3,0.0,7,8,4,6,5,6,3,4.7,61,773,,15,11,0.075ug/kg,773,,57,2,386,14,336,193,,168,97,,5.91,3.40,,86.8,50.0,
08/10/10,15,11,0.075ug/kg,2,0,0,0,0.0,0.0,4,9,3,5,0,0,0,0.0,48,256,,14,11,0.075ug/kg,256,,57,2,128,5,0,0,,0,0,,0.00,0.00,,0.0,0.0,
08/11/10,16,11,0.075ug/kg,2,0,4,1,1.7,0.0,19,20,24,21,0,1,1,0.7,65,1473,,16,11,0.075ug/kg,1473,,57,2,737,26,76,54,,38,27,,1.34,0.96,,10.3,7.4,
08/12/10,17,11,0.075ug/kg,2,1,1,2,1.3,0.0,17,18,9,15,2,3,2,2.3,53,848,,17,11,0.075ug/kg,848,,57,2,424,15,97,35,,49,18,,1.72,0.62,,22.9,8.3,
08/13/10,18,11,0.075ug/kg,2,3,4,2,3.0,0.0,3,8,7,6,0,0,0,0.0,37,333,,18,11,0.075ug/kg,333,,57,2,167,6,56,56,,28,28,,0.98,0.98,,33.3,33.3,
08/14/10,19,11,0.075ug/kg,2,5,2,7,4.7,0.0,8,4,12,8,2,1,4,2.3,41,519,,19,11,0.075ug/kg,519,,55,2,260,9,144,96,,72,48,,2.60,1.74,,55.3,36.8,
08/15/10,20,11,0.075ug/kg,2,2,4,2,2.7,0.0,6,7,8,7,3,3,4,3.3,43,416,,20,11,0.075ug/kg,416,,55,2,208,8,129,57,,65,29,,2.34,1.04,,62.1,27.6,
08/16/10,21,11,0.075ug/kg,2,2,2,1,1.7,0.0,5,3,3,4,5,1,1,2.3,46,245,,21,11,0.075ug/kg,245,,55,2,123,4,92,38,,46,19,,1.67,0.70,,75.0,31.3,
08/17/10,22,11,0.075ug/kg,2,5,3,5,4.3,0.0,7,6,10,8,2,1,1,1.3,40,480,,22,11,0.075ug/kg,480,,55,2,240,9,113,87,,57,43,,2.06,1.57,,47.2,36.1,
08/18/10,23,11,0.075ug/kg,2,1,0,3,1.3,0.0,8,7,8,8,2,3,3,2.7,55,495,,23,11,0.075ug/kg,495,,55,2,248,9,110,37,,55,18,,2.00,0.67,,44.4,14.8,
08/19/10,24,11,0.075ug/kg,2,1,2,3,2.0,0.0,21,24,22,22,2,7,1,3.3,45,1095,,24,11,0.075ug/kg,1095,,52,2,548,21,120,45,,60,23,,2.33,0.87,,21.9,8.2,
07/27/10,1,12,0.75ug/kg,2,10,5,4,6.3,0.0,40,29,33,34,4,5,2,3.7,189,7623,,1,12,0.75ug/kg,7623,,59,2,3812,129,945,599,,473,299,,15.99,10.13,,24.8,15.7,
07/28/10,2,12,0.75ug/kg,2,6,7,3,5.3,0.0,25,27,12,21,12,9,4,8.3,172,4587,,2,12,0.75ug/kg,4587,,59,2,2293,78,1175,459,,588,229,,19.89,7.76,,51.3,20.0,
07/29/10,3,12,0.75ug/kg,2,5,7,11,7.7,0.0,24,18,19,20,10,5,7,7.3,120,3360,,3,12,0.75ug/kg,3360,,59,2,1680,57,900,460,,450,230,,15.23,7.78,,53.6,27.4,
07/30/10,4,12,0.75ug/kg,2,5,7,7,6.3,0.0,26,21,20,22,1,1,1,1.0,162,4644,,4,12,0.75ug/kg,4644,,59,2,2322,79,594,513,,297,257,,10.05,8.68,,25.6,22.1,
07/31/10,5,12,0.75ug/kg,2,15,12,15,14.0,0.0,17,10,19,15,3,1,2,2.0,174,5104,,5,12,0.75ug/kg,5104,,59,2,2552,86,1392,1218,,696,609,,23.55,20.61,,54.5,47.7,
08/01/10,6,12,0.75ug/kg,2,6,8,5,6.3,0.0,13,11,9,11,0,0,0,0.0,186,3224,,6,12,0.75ug/kg,3224,,59,2,1612,55,589,589,,295,295,,9.97,9.97,,36.5,36.5,
08/02/10,7,12,0.75ug/kg,2,7,9,6,7.3,0.0,26,29,30,28,4,7,9,6.7,167,5956,,7,12,0.75ug/kg,5956,,59,2,2978,101,1169,612,,585,306,,19.78,10.36,,39.3,20.6,
08/03/10,8,12,0.75ug/kg,2,0,4,0,1.3,0.0,3,6,6,5,0,1,0,0.3,98,621,,8,12,0.75ug/kg,621,,59,2,310,11,82,65,,41,33,,1.38,1.11,,26.3,21.1,
08/04/10,9,12,0.75ug/kg,2,6,6,6,6.0,0.0,33,16,23,24,11,4,9,8.0,119,3570,,9,12,0.75ug/kg,3570,,59,2,1785,60,833,357,,417,179,,14.09,6.04,,46.7,20.0,
08/05/10,10,12,0.75ug/kg,2,8,7,5,6.7,0.0,13,7,8,9,3,5,3,3.7,79,1264,,10,12,0.75ug/kg,1264,,59,2,632,21,408,263,,204,132,,6.91,4.46,,64.6,41.7,
08/06/10,11,12,0.75ug/kg,2,14,11,10,11.7,0.0,6,4,3,4,5,3,1,3.0,90,1440,,11,12,0.75ug/kg,1440,,58,2,720,25,660,525,,330,263,,11.42,9.08,,91.7,72.9,
08/07/10,12,12,0.75ug/kg,2,4,10,8,7.3,0.0,12,18,22,17,5,13,9,9.0,32,789,,12,12,0.75ug/kg,789,,58,2,395,14,261,117,,131,59,,4.52,2.03,,66.2,29.7,
08/08/10,13,12,0.75ug/kg,2,0,0,0,0.0,0.0,7,11,6,8,0,0,0,0.0,25,200,,13,12,0.75ug/kg,200,,58,2,100,3,0,0,,0,0,,0.00,0.00,,0.0,0.0,
08/09/10,14,12,0.75ug/kg,2,6,8,5,6.3,0.0,4,8,9,7,1,4,2,2.3,55,733,,15,12,0.75ug/kg,733,,58,2,367,13,238,174,,119,87,,4.12,3.01,,65.0,47.5,
08/10/10,15,12,0.75ug/kg,2,2,1,2,1.7,0.0,1,4,3,3,0,1,0,0.3,38,165,,14,12,0.75ug/kg,165,,57,2,82,3,38,32,,19,16,,0.67,0.56,,46.2,38.5,
08/11/10,16,12,0.75ug/kg,2,3,3,4,3.3,0.0,9,8,9,9,2,4,2,2.7,43,516,,16,12,0.75ug/kg,516,,57,2,258,9,129,72,,65,36,,2.27,1.26,,50.0,27.8,
08/12/10,17,12,0.75ug/kg,2,0,0,0,0.0,0.0,11,13,13,12,0,0,0,0.0,44,543,,17,12,0.75ug/kg,543,,57,2,271,10,0,0,,0,0,,0.00,0.00,,0.0,0.0,
08/13/10,18,12,0.75ug/kg,2,0,0,0,0.0,0.0,4,9,6,6,0,0,0,0.0,48,304,,18,12,0.75ug/kg,304,,57,2,152,5,0,0,,0,0,,0.00,0.00,,0.0,0.0,
08/14/10,19,12,0.75ug/kg,2,0,0,0,0.0,0.0,6,10,10,9,0,0,0,0.0,52,451,,19,12,0.75ug/kg,451,,58,2,225,8,0,0,,0,0,,0.00,0.00,,0.0,0.0,
08/15/10,20,12,0.75ug/kg,2,0,0,0,0.0,0.0,9,9,12,10,0,0,0,0.0,53,530,,20,12,0.75ug/kg,530,,58,2,265,9,0,0,,0,0,,0.00,0.00,,0.0,0.0,
08/16/10,21,12,0.75ug/kg,2,0,0,0,0.0,0.0,11,27,22,20,0,0,0,0.0,44,880,,21,12,0.75ug/kg,880,,58,2,440,15,0,0,,0,0,,0.00,0.00,,0.0,0.0,
08/17/10,22,12,0.75ug/kg,2,0,0,0,0.0,0.0,19,20,19,19,0,0,0,0.0,34,657,,22,12,0.75ug/kg,657,,58,2,329,11,0,0,,0,0,,0.00,0.00,,0.0,0.0,
08/18/10,23,12,0.75ug/kg,2,0,0,0,0.0,0.0,43,62,57,54,0,0,0,0.0,38,2052,,23,12,0.75ug/kg,2052,,57,2,1026,36,0,0,,0,0,,0.00,0.00,,0.0,0.0,
08/19/10,24,12,0.75ug/kg,1,0,0,0,0.0,0.0,32,24,18,25,0,0,0,0.0,48,1184,,24,12,0.75ug/kg,1184,,57,1,1184,21,0,0,,0,0,,0.00,0.00,,0.0,0.0,
07/27/10,1,13,control,2,11,10,6,9.0,0.0,34,37,29,33,11,22,14,15.7,188,7959,,1,13,control,7959,,55,2,3979,144,2319,846,,1159,423,,42.08,15.35,,58.3,21.3,
07/28/10,2,13,control,2,11,13,10,11.3,0.0,27,23,26,25,17,16,15,16.0,212,7773,,2,13,control,7773,,55,2,3887,141,2897,1201,,1449,601,,52.58,21.80,,74.5,30.9,
07/29/10,3,13,control,2,7,7,8,7.3,0.0,15,16,16,16,11,11,8,10.0,122,2806,,3,13,control,2806,,55,2,1403,51,1057,447,,529,224,,19.19,8.12,,75.4,31.9,
07/30/10,4,13,control,2,4,3,4,3.7,0.0,20,18,22,20,7,6,2,5.0,150,3550,,4,13,control,3550,,55,2,1775,64,650,275,,325,138,,11.80,4.99,,36.6,15.5,
07/31/10,5,13,control,2,7,3,4,4.7,0.0,22,20,18,20,8,7,6,7.0,164,4045,,5,13,control,4045,,55,2,2023,73,957,383,,478,191,,17.36,6.94,,47.3,18.9,
08/01/10,6,13,control,2,5,5,5,5.0,0.0,23,22,25,23,3,3,1,2.3,185,5242,,6,13,control,5242,,55,2,2621,95,678,463,,339,231,,12.31,8.39,,25.9,17.6,
08/02/10,7,13,control,2,3,8,4,5.0,0.0,18,11,16,15,2,4,1,2.3,162,3240,,7,13,control,3240,,55,2,1620,59,594,405,,297,203,,10.78,7.35,,36.7,25.0,
08/03/10,8,13,control,2,9,3,4,5.3,0.0,23,28,24,25,5,1,4,3.3,173,5248,,8,13,control,5248,,55,2,2624,95,750,461,,375,231,,13.61,8.37,,28.6,17.6,
08/04/10,9,13,control,2,1,5,8,4.7,0.0,18,12,16,15,5,5,4,4.7,77,1540,,9,13,control,1540,,55,2,770,28,359,180,,180,90,,6.52,3.26,,46.7,23.3,
08/05/10,10,13,control,2,16,18,13,15.7,0.0,19,26,30,25,3,2,5,3.3,98,3985,,10,13,control,3985,,55,2,1993,72,931,768,,466,384,,16.90,13.93,,46.7,38.5,
08/06/10,11,13,control,2,13,9,9,10.3,0.0,8,22,22,17,2,4,4,3.3,83,2296,,11,13,control,2296,,56,2,1148,41,567,429,,284,214,,10.20,7.71,,49.4,37.3,
08/07/10,12,13,control,2,8,11,8,9.0,0.0,19,25,24,23,4,14,7,8.3,130,4117,,12,13,control,4117,,56,2,2058,74,1127,585,,563,293,,20.26,10.52,,54.7,28.4,
08/08/10,13,13,control,2,3,2,2,2.3,0.0,10,11,11,11,2,3,4,3.0,139,1807,,13,13,control,1807,,56,2,904,33,371,162,,185,81,,6.67,2.92,,41.0,17.9,
08/09/10,14,13,control,2,20,20,12,17.3,0.0,18,32,18,23,10,16,8,11.3,65,2600,,15,13,control,2600,,56,2,1300,47,932,563,,466,282,,16.76,10.13,,71.7,43.3,
08/10/10,15,13,control,2,4,8,8,6.7,0.0,20,16,17,18,5,8,9,7.3,98,2385,,14,13,control,2385,,55,2,1192,43,686,327,,343,163,,12.45,5.93,,57.5,27.4,
08/11/10,16,13,control,2,9,11,10,10.0,0.0,22,20,23,22,16,12,16,14.7,111,3515,,16,13,control,3515,,55,2,1758,64,1369,555,,685,278,,24.85,10.07,,77.9,31.6,
08/12/10,17,13,control,2,7,5,7,6.3,0.0,18,10,18,15,6,6,9,7.0,138,2990,,17,13,control,2990,,55,2,1495,54,920,437,,460,219,,16.70,7.93,,61.5,29.2,
08/13/10,18,13,control,2,8,8,8,8.0,0.0,16,13,10,13,7,5,6,6.0,116,2436,,18,13,control,2436,,55,2,1218,44,812,464,,406,232,,14.74,8.42,,66.7,38.1,
08/14/10,19,13,control,2,10,7,13,10.0,0.0,19,22,35,25,9,12,18,13.0,90,3180,,19,13,control,3180,,54,2,1590,59,1035,450,,518,225,,19.13,8.32,,65.1,28.3,
08/15/10,20,13,control,2,2,4,5,3.7,0.0,16,17,15,16,8,3,6,5.7,140,2753,,20,13,control,2753,,54,2,1377,51,653,257,,327,128,,12.08,4.74,,47.5,18.6,
08/16/10,21,13,control,2,11,7,13,10.3,0.0,24,20,17,20,9,10,9,9.3,71,2177,,21,13,control,2177,,54,2,1089,40,698,367,,349,183,,12.91,6.78,,64.1,33.7,
08/17/10,22,13,control,2,12,11,10,11.0,0.0,21,15,19,18,15,10,12,12.3,72,2112,,22,13,control,2112,,54,2,1056,39,840,396,,420,198,,15.53,7.32,,79.5,37.5,
08/18/10,23,13,control,2,18,18,11,15.7,0.0,23,23,19,22,13,17,9,13.0,78,2912,,23,13,control,2912,,53,2,1456,55,1118,611,,559,306,,21.02,11.48,,76.8,42.0,
08/19/10,24,13,control,2,9,9,9,9.0,0.0,13,16,17,15,6,10,5,7.0,131,3188,,24,13,control,3188,,53,2,1594,60,1048,590,,524,295,,19.89,11.19,,65.8,37.0,
07/27/10,1,14,control,2,8,10,12,10.0,0.0,34,24,24,27,16,10,14,13.3,212,7915,,1,14,control,7915,,59,2,3957,134,2473,1060,,1237,530,,41.85,17.94,,62.5,26.8,
07/28/10,2,14,control,2,10,8,8,8.7,0.0,39,30,46,38,8,9,12,9.7,191,8977,,2,14,control,8977,,59,2,4489,152,1751,828,,875,414,,29.62,14.00,,39.0,18.4,
07/29/10,3,14,control,2,8,11,6,8.3,0.0,19,22,18,20,11,11,11,11.0,208,5824,,3,14,control,5824,,59,2,2912,99,2011,867,,1005,433,,34.02,14.66,,69.0,29.8,
07/30/10,4,14,control,2,19,8,8,11.7,0.0,28,34,43,35,17,15,26,19.3,174,8120,,4,14,control,8120,,59,2,4060,137,2697,1015,,1349,508,,45.63,17.17,,66.4,25.0,
07/31/10,5,14,control,2,4,5,5,4.7,0.0,13,14,14,14,6,4,1,3.7,242,4437,,5,14,control,4437,,59,2,2218,75,1008,565,,504,282,,17.06,9.55,,45.5,25.5,
08/01/10,6,14,control,2,18,17,17,17.3,0.0,15,30,23,23,9,17,18,14.7,186,7440,,6,14,control,7440,,59,2,3720,126,2976,1612,,1488,806,,50.36,27.28,,80.0,43.3,
08/02/10,7,14,control,2,15,16,20,17.0,0.0,27,19,29,25,18,14,10,14.0,176,7392,,7,14,control,7392,,59,2,3696,125,2728,1496,,1364,748,,46.16,25.31,,73.8,40.5,
08/03/10,8,14,control,2,5,10,9,8.0,0.0,24,17,15,19,1,1,1,1.0,211,5627,,8,14,control,5627,,59,2,2813,95,950,844,,475,422,,16.07,14.28,,33.8,30.0,
08/04/10,9,14,control,2,8,8,10,8.7,0.0,15,13,21,16,0,1,0,0.3,170,4250,,9,14,control,4250,,59,2,2125,72,765,737,,383,368,,12.94,12.46,,36.0,34.7,
08/05/10,10,14,control,2,14,23,19,18.7,0.0,8,19,11,13,1,3,5,3.0,91,2851,,10,14,control,2851,,59,2,1426,48,986,849,,493,425,,16.68,14.37,,69.1,59.6,
08/06/10,11,14,control,2,2,8,7,5.7,0.0,16,10,13,13,2,1,1,1.3,210,3920,,11,14,control,3920,,58,2,1960,67,735,595,,368,298,,12.63,10.22,,37.5,30.4,
08/07/10,12,14,control,2,1,1,1,1.0,0.0,18,18,21,19,6,1,2,3.0,138,2760,,12,14,control,2760,,58,2,1380,47,276,69,,138,35,,4.74,1.19,,20.0,5.0,
08/08/10,13,14,control,2,6,9,9,8.0,0.0,16,19,22,19,11,10,18,13.0,132,3564,,13,14,control,3564,,58,2,1782,61,1386,528,,693,264,,23.81,9.07,,77.8,29.6,
08/09/10,14,14,control,2,9,14,13,12.0,0.0,13,13,9,12,10,12,8,10.0,93,2201,,15,14,control,2201,,58,2,1101,38,1023,558,,512,279,,17.58,9.59,,93.0,50.7,
08/10/10,15,14,control,2,8,3,6,5.7,0.0,10.0,10,6,9,10,7,5,7.3,74,1061,,14,14,control,1061,,58,2,530,18,481,210,,241,105,,8.31,3.62,,90.7,39.5,
08/11/10,16,14,control,2,5,7,2,4.7,0.0,20,20,21,20,5,5,4,4.7,151,3775,,16,14,control,3775,,58,2,1888,65,705,352,,352,176,,12.17,6.09,,37.3,18.7,
08/12/10,17,14,control,2,5,11,11,9.0,0.0,14,10,10,11,8,3,3,4.7,108,2196,,17,14,control,2196,,58,2,1098,38,738,486,,369,243,,12.75,8.39,,67.2,44.3,
08/13/10,18,14,control,2,5,4,7,5.3,0.0,14,11,10,12,6,2,2,3.3,110,1870,,18,14,control,1870,,58,2,935,32,477,293,,238,147,,8.23,5.07,,51.0,31.4,
08/14/10,19,14,control,2,1,1,1,1.0,0.0,17,34,27,26,1,1,1,1.0,90,2430,,19,14,control,2430,,55,2,1215,44,90,45,,45,23,,1.63,0.82,,7.4,3.7,
08/15/10,20,14,control,2,4,8,7,6.3,0.0,9,9,7,8,2,3,3,2.7,111,1628,,20,14,control,1628,,55,2,814,30,500,352,,250,176,,9.07,6.38,,61.4,43.2,
08/16/10,21,14,control,2,7,11,5,7.7,0.0,12,15,14,14,4,5,5,4.7,84,1792,,21,14,control,1792,,55,2,896,33,518,322,,259,161,,9.40,5.84,,57.8,35.9,
08/17/10,22,14,control,2,4,8,3,5.0,0.0,12,10,10,11,8,6,7,7.0,78,1222,,22,14,control,1222,,55,2,611,22,468,195,,234,98,,8.49,3.54,,76.6,31.9,
08/18/10,23,14,control,2,1,1,1,1.0,0.0,20,19,19,19,1,1,1,1.0,78,1586,,23,14,control,1586,,54,2,793,29,78,39,,39,20,,1.43,0.72,,9.8,4.9,
08/19/10,24,14,control,2,11,10,13,11.3,0.0,19,10,24,18,12,8,19,13.0,116,3364,,24,14,control,3364,,51,2,1682,66,1411,657,,706,329,,27.57,12.84,,83.9,39.1,
07/27/10,1,15,control,2,8,8,6,7.3,0.0,30,18,19,22,17,11,9,12.3,202,5993,,1,15,control,5993,,77,2,2996,78,1986,741,,993,370,,25.90,9.66,,66.3,24.7,
07/28/10,2,15,control,2,7,11,6,8.0,0.0,19,19,13,17,12,16,7,11.7,186,4650,,2,15,control,4650,,77,2,2325,61,1829,744,,915,372,,23.85,9.70,,78.7,32.0,
07/29/10,3,15,control,2,7,12,5,8.0,0.0,26,24,19,23,11,7,5,7.7,170,5270,,3,15,control,5270,,77,2,2635,69,1332,680,,666,340,,17.36,8.87,,50.5,25.8,
07/30/10,4,15,control,2,4,5,7,5.3,0.0,33,33,26,31,13,13,13,13.0,188,6768,,4,15,control,6768,,77,2,3384,88,1723,501,,862,251,,22.47,6.54,,50.9,14.8,
07/31/10,5,15,control,2,2,9,6,5.7,0.0,18,21,10,16,9,6,4,6.3,188,4136,,5,15,control,4136,,77,2,2068,54,1128,533,,564,266,,14.71,6.94,,54.5,25.8,
08/01/10,6,15,control,2,1,1,0,0.7,0.0,29,24,26,26,0,0,0,0.0,214,5778,,6,15,control,5778,,77,2,2889,75,71,71,,36,36,,0.93,0.93,,2.5,2.5,
08/02/10,7,15,control,2,0,0,0,0.0,0.0,17,26,24,22,0,0,0,0.0,187,4176,,7,15,control,4176,,77,2,2088,54,0,0,,0,0,,0.00,0.00,,0.0,0.0,
08/03/10,8,15,control,2,10,3,6,6.3,0.0,21,33,35,30,5,3,8,5.3,192,6912,,8,15,control,6912,,77,2,3456,90,1120,608,,560,304,,14.60,7.93,,32.4,17.6,
08/04/10,9,15,control,2,6,6,3,5.0,0.0,21,10,21,17,11,7,9,9.0,178,3975,,9,15,control,3975,,77,2,1988,52,1246,445,,623,223,,16.25,5.80,,62.7,22.4,
08/05/10,10,15,control,2,12,13,9,11.3,0.0,29,34,26,30,11,17,11,13.0,89,3649,,10,15,control,3649,,77,2,1825,48,1083,504,,541,252,,14.12,6.58,,59.3,27.6,
08/06/10,11,15,control,2,4,10,9,7.7,0.0,45,38,40,41,6,10,9,8.3,162,7884,,11,15,control,7884,,84,2,3942,94,1296,621,,648,311,,15.45,7.40,,32.9,15.8,
08/07/10,12,15,control,2,5,6,3,4.7,0.0,19,28,20,22,7,7,3,5.7,148,3996,,12,15,control,3996,,84,2,1998,48,765,345,,382,173,,9.11,4.12,,38.3,17.3,
08/08/10,13,15,control,2,0,0,0,0.0,0.0,32,34,34,33,0,0,0,0.0,132,4400,,13,15,control,4400,,84,2,2200,52,0,0,,0,0,,0.00,0.00,,0.0,0.0,
08/09/10,14,15,control,2,0,0,0,0.0,0.0,46,77,57,60,0,0,0,0.0,83,4980,,15,15,control,4980,,84,2,2490,59,0,0,,0,0,,0.00,0.00,,0.0,0.0,
08/10/10,15,15,control,2,0,0,0,0.0,0.0,1,3,2,2,0,0,0,0.0,41,82,,14,15,control,82,,74,2,41,1,0,0,,0,0,,0.00,0.00,,0.0,0.0,
08/11/10,16,15,control,2,2,1,1,1.3,0.0,33,40,37,37,1,1,2,1.3,141,5358,,16,15,control,5358,,74,2,2679,72,188,94,,94,47,,2.54,1.27,,7.0,3.5,
08/12/10,17,15,control,2,1,1,1,1.0,0.0,21,34,22,26,1,1,1,1.0,128,3413,,17,15,control,3413,,74,2,1707,46,128,64,,64,32,,1.73,0.86,,7.5,3.8,
08/13/10,18,15,control,2,1,1,1,1.0,0.0,20,15,15,17,1,1,1,1.0,103,1820,,18,15,control,1820,,74,2,910,25,103,52,,52,26,,1.39,0.70,,11.3,5.7,
08/14/10,19,15,control,2,0,0,0,0.0,0.0,0,3,0,1,0,0,0,0.0,56,56,,19,15,control,56,,82,2,28,1,0,0,,0,0,,0.00,0.00,,0.0,0.0,
08/15/10,20,15,control,2,4,3,2,3.0,0.0,41,27,33,34,1,2,1,1.3,156,5720,,20,15,control,5720,,82,2,2860,70,338,234,,169,117,,4.11,2.84,,11.8,8.2,
08/16/10,21,15,control,2,0,0,0,0.0,0.0,40,31,37,36,0,0,0,0.0,72,2592,,21,15,control,2592,,82,2,1296,31,0,0,,0,0,,0.00,0.00,,0.0,0.0,
08/17/10,22,15,control,2,0,0,0,0.0,0.0,34,45,33,37,0,0,0,0.0,62,2315,,22,15,control,2315,,82,2,1157,28,0,0,,0,0,,0.00,0.00,,0.0,0.0,
08/18/10,23,15,control,2,10,12,11,11.0,0.0,43,37,28,36,14,14,9,12.3,64,3008,,23,15,control,3008,,80,2,1504,38,747,352,,373,176,,9.37,4.42,,49.6,23.4,
08/19/10,24,15,control,2,0,0,0,0.0,0.0,38,50,44,44,0,0,0,0.0,126,5544,,24,15,control,5544,,80,2,2772,69,0,0,,0,0,,0.00,0.00,,0.0,0.0,
07/27/10,1,16,0.075ug/kg,2,0,0,0,0.0,0.0,25,20,27,24,0,0,0,0.0,203,4872,,1,16,0.075ug/kg,4872,,56,2,2436,87,0,0,,0,0,,0.00,0.00,,0.0,0.0,
07/28/10,2,16,0.075ug/kg,2,10,15,4,9.7,0.0,25,36,13,25,9,10,5,8.0,195,6695,,2,16,0.075ug/kg,6695,,56,2,3348,119,1723,943,,861,471,,30.70,16.80,,51.5,28.2,
07/29/10,3,16,0.075ug/kg,2,2,0,2,1.3,0.0,16,15,19,17,3,2,3,2.7,171,3078,,3,16,0.075ug/kg,3078,,56,2,1539,55,342,114,,171,57,,6.10,2.03,,22.2,7.4,
07/30/10,4,16,0.075ug/kg,2,4,5,5,4.7,0.0,11,15,12,13,5,6,7,6.0,157,2721,,4,16,0.075ug/kg,2721,,56,2,1361,49,837,366,,419,183,,14.93,6.53,,61.5,26.9,
07/31/10,5,16,0.075ug/kg,2,2,7,7,5.3,0.0,26,26,24,25,1,1,1,1.0,152,4661,,5,16,0.075ug/kg,4661,,56,2,2331,83,481,405,,241,203,,8.58,7.23,,20.7,17.4,
08/01/10,6,16,0.075ug/kg,2,0,0,0,0.0,0.0,20,14,14,16,0,0,0,0.0,76,1216,,6,16,0.075ug/kg,1216,,56,2,608,22,0,0,,0,0,,0.00,0.00,,0.0,0.0,
08/02/10,7,16,0.075ug/kg,2,4,4,4,4.0,0.0,24,19,18,20,1,2,2,1.7,166,4039,,7,16,0.075ug/kg,4039,,56,2,2020,72,470,332,,235,166,,8.38,5.92,,0.0,0.0, 
08/03/10,8,16,0.075ug/kg,2,0,0,0,0.0,0.0,13,20,23,19,0,0,0,0.0,171,3192,,8,16,0.075ug/kg,3192,,56,2,1596,57,0,0,,0,0,,0.00,0.00,,0.0,0.0,
08/04/10,9,16,0.075ug/kg,2,0,3,2,1.7,0.0,18,24,25,22,1,2,3,2.0,152,3648,,9,16,0.075ug/kg,3648,,56,2,1824,65,279,127,,139,63,,4.97,2.26,,15.3,6.9,
08/05/10,10,16,0.075ug/kg,2,3,3,3,3.0,0.0,13,12,8,11,6,7,3,5.3,106,1484,,10,16,0.075ug/kg,1484,,56,2,742,26,442,159,,221,80,,7.87,2.83,,59.5,21.4,
08/06/10,11,16,0.075ug/kg,2,4,4,7,5.0,0.0,8,13,15,12,2,1,3,2.0,69,1173,,11,16,0.075ug/kg,1173,,56,2,587,21,242,173,,121,86,,4.28,3.06,,41.2,29.4,
08/07/10,12,16,0.075ug/kg,2,0,0,0,0.0,0.0,18,28,21,22,0,0,0,0.0,85,1898,,12,16,0.075ug/kg,1898,,56,2,949,34,0,0,,0,0,,0.00,0.00,,0.0,0.0,
08/08/10,13,16,0.075ug/kg,2,0,0,0,0.0,0.0,12,18,17,16,0,0,0,0.0,37,580,,13,16,0.075ug/kg,580,,56,2,290,10,0,0,,0,0,,0.00,0.00,,0.0,0.0,
08/09/10,14,16,0.075ug/kg,2,9,9,4,7.3,0.0,41,48,37,42,2,3,0,1.7,56,2763,,15,16,0.075ug/kg,2763,,56,2,1381,49,252,205,,126,103,,4.47,3.64,,18.2,14.9,
08/10/10,15,16,0.075ug/kg,2,6,14,16,12.0,0.0,28,17,14,20,16,10,10,12.0,51,1615,,14,16,0.075ug/kg,1615,,56,2,808,29,612,306,,306,153,,11.01,5.50,,75.8,37.9,
08/11/10,16,16,0.075ug/kg,2,0,1,0,0.3,0.0,9,1,9,6,0,0,0,0.0,39,260,,16,16,0.075ug/kg,260,,56,2,130,5,7,7,,3,3,,0.12,0.12,,5.0,5.0,
08/12/10,17,16,0.075ug/kg,2,11,12,13,12.0,0.0,29,27,22,26,9,13,6,9.3,40,1520,,17,16,0.075ug/kg,1520,,56,2,760,27,427,240,,213,120,,7.67,4.32,,56.1,31.6,
08/13/10,18,16,0.075ug/kg,2,0,0,0,0.0,0.0,3,2,6,4,0,0,0,0.0,56,205,,18,16,0.075ug/kg,205,,56,2,103,4,0,0,,0,0,,0.00,0.00,,0.0,0.0,
08/14/10,19,16,0.075ug/kg,2,0,0,0,0.0,0.0,3,2,3,3,0,0,0,0.0,29,77,,19,16,0.075ug/kg,77,,59,2,39,1,0,0,,0,0,,0.00,0.00,,0.0,0.0,
08/15/10,20,16,0.075ug/kg,2,7,9,8,8.0,0.0,23,24,34,27,2,2,10,4.7,55,1925,,20,16,0.075ug/kg,1925,,59,2,963,33,348,220,,174,110,,5.94,3.75,,36.2,22.9,
08/16/10,21,16,0.075ug/kg,2,0,0,0,0.0,0.0,41,39,28,36,0,0,0,0.0,61,2196,,21,16,0.075ug/kg,2196,,59,2,1098,37,0,0,,0,0,,0.00,0.00,,0.0,0.0,
08/17/10,22,16,0.075ug/kg,2,0,0,0,0.0,0.0,32,16,24,24,0,0,0,0.0,38,912,,22,16,0.075ug/kg,912,,59,2,456,16,0,0,,0,0,,0.00,0.00,,0.0,0.0,
08/18/10,23,16,0.075ug/kg,2,3,2,4,3.0,0.0,26,23,20,23,2,1,0,1.0,67,1742,,23,16,0.075ug/kg,1742,,57,2,871,31,134,101,,67,50,,2.37,1.78,,15.4,11.5,
08/19/10,24,16,0.075ug/kg,2,0,0,0,0.0,0.0,36,35,23,31,0,0,0,0.0,40,1253,,24,16,0.075ug/kg,1253,,58,2,627,22,0,0,,0,0,,0.00,0.00,,0.0,0.0,
07/27/10,1,17,control,2,0,0,0,0.0,0.0,48,36,39,41,0,0,0,0.0,186,7626,,1,17,control,7626,,81,2,3813,94,0,0,,0,0,,0.00,0.00,,0.0,0.0,
07/28/10,2,17,control,2,5,11,2,6.0,0.0,34,37,28,33,1,2,2,1.7,182,7098,,2,17,control,7098,,81,2,3549,87,698,546,,349,273,,8.58,6.72,,19.7,15.4,
07/29/10,3,17,control,2,1,4,1,2.0,0.0,27,26,24,26,1,2,1,1.3,171,4731,,3,17,control,4731,,81,2,2366,58,285,171,,143,86,,3.51,2.10,,12.0,7.2,
07/30/10,4,17,control,2,0,0,0,0.0,0.0,15,15,17,16,0,0,0,0.0,105,1645,,4,17,control,1645,,81,2,823,20,0,0,,0,0,,0.00,0.00,,0.0,0.0,
07/31/10,5,17,control,2,0,0,0,0.0,0.0,57,58,62,59,0,0,0,0.0,217,12803,,5,17,control,12803,,58,2,6402,221,0,0,,0,0,,0.00,0.00,,0.0,0.0,
08/01/10,6,17,control,2,0,0,0,0.0,0.0,12,16,9,12,0,0,0,0.0,92,1135,,6,17,control,1135,,58,2,567,20,0,0,,0,0,,0.00,0.00,,0.0,0.0,
08/02/10,7,17,control,2,3,0,1,1.3,0.0,16,14,15,15,2,3,1,2.0,72,1176,,7,17,control,1176,,58,2,588,20,120,48,,60,24,,2.07,0.83,,20.4,8.2,
08/03/10,8,17,control,2,0,0,0,0.0,0.0,1,1,2,1,0,0,0,0.0,57,76,,8,17,control,76,,58,2,38,1,0,0,,0,0,,0.00,0.00,,0.0,0.0,
08/04/10,9,17,control,2,0,0,0,0.0,0.0,29,28,30,29,0,0,0,0.0,52,1508,,9,17,control,1508,,58,2,754,26,0,0,,0,0,,0.00,0.00,,0.0,0.0,
08/05/10,10,17,control,2,0,0,0,0.0,0.0,13,12,12,12,0,0,0,0.0,65,802,,10,17,control,802,,58,2,401,14,0,0,,0,0,,0.00,0.00,,0.0,0.0,
08/06/10,11,17,control,2,0,0,0,0.0,0.0,22,26,20,23,0,0,0,0.0,35,793,,11,17,control,793,,57,2,397,14,0,0,,0,0,,0.00,0.00,,0.0,0.0,
08/07/10,12,17,control,2,0,0,0,0.0,0.0,15,19,18,17,0,0,0,0.0,57,988,,12,17,control,988,,57,2,494,17,0,0,,0,0,,0.00,0.00,,0.0,0.0,
08/08/10,13,17,control,2,0,0,0,0.0,0.0,31,24,29,28,0,0,0,0.0,42,1176,,13,17,control,1176,,57,2,588,21,0,0,,0,0,,0.00,0.00,,0.0,0.0,
08/09/10,14,17,control,2,0,0,0,0.0,0.0,6,7,3,5,0,0,0,0.0,60,320,,15,17,control,320,,57,2,160,6,0,0,,0,0,,0.00,0.00,,0.0,0.0,
08/10/10,15,17,control,2,0,0,0,0.0,0.0,24,27,20,24,0,0,0,0.0,63,1491,,14,17,control,1491,,56,2,746,27,0,0,,0,0,,0.00,0.00,,0.0,0.0,
08/11/10,16,17,control,2,0,0,0,0.0,0.0,23,20,19,21,0,0,0,0.0,70,1447,,16,17,control,1447,,56,2,723,26,0,0,,0,0,,0.00,0.00,,0.0,0.0,
08/12/10,17,17,control,2,0,0,0,0.0,0.0,1,1,1,1,0,0,0,0.0,31,31,,17,17,control,31,,56,2,16,1,0,0,,0,0,,0.00,0.00,,0.0,0.0,
08/13/10,18,17,control,2,0,0,0,0.0,0.0,36,36,25,32,0,0,0,0.0,55,1778,,18,17,control,1778,,56,2,889,32,0,0,,0,0,,0.00,0.00,,0.0,0.0,
08/14/10,19,17,control,2,0,0,0,0.0,0.0,22,21,22,22,0,0,0,0.0,50,1083,,19,17,control,1083,,56,2,542,19,0,0,,0,0,,0.00,0.00,,0.0,0.0,
08/15/10,20,17,control,2,0,0,0,0.0,0.0,23,30,21,25,0,0,0,0.0,50,1233,,20,17,control,1233,,56,2,617,22,0,0,,0,0,,0.00,0.00,,0.0,0.0,
08/16/10,21,17,control,2,0,0,0,0.0,0.0,11,16,19,15,0,0,0,0.0,42,644,,21,17,control,644,,56,2,322,11,0,0,,0,0,,0.00,0.00,,0.0,0.0,
08/17/10,22,17,control,2,0,0,0,0.0,0.0,10,8,10,9,0,0,0,0.0,66,616,,22,17,control,616,,56,2,308,11,0,0,,0,0,,0.00,0.00,,0.0,0.0,
08/18/10,23,17,control,2,0,0,0,0.0,0.0,14,13,9,12,0,0,0,0.0,64,768,,23,17,control,768,,56,2,384,14,0,0,,0,0,,0.00,0.00,,0.0,0.0,
08/19/10,24,17,control,2,0,0,0,0.0,0.0,13,11,12,12,0,0,0,0.0,55,660,,24,17,control,660,,56,2,330,12,0,0,,0,0,,0.00,0.00,,0.0,0.0,
07/27/10,1,18,0.075ug/kg,2,8,17,13,12.7,0.0,31,35,38,35,16,16,23,18.3,176,8331,,1,18,0.075ug/kg,8331,,48,2,4165,174,2728,1115,,1364,557,,56.83,23.22,,65.5,26.8,
07/28/10,2,18,0.075ug/kg,2,12,8,7,9.0,0.0,22,24,27,24,15,15,21,17.0,193,6433,,2,18,0.075ug/kg,6433,,48,2,3217,134,2509,869,,1255,434,,52.27,18.09,,78.0,27.0,
07/29/10,3,18,0.075ug/kg,2,16,18,20,18.0,0.0,39,32,31,34,21,22,20,21.0,176,9152,,3,18,0.075ug/kg,9152,,48,2,4576,191,3432,1584,,1716,792,,71.50,33.00,,75.0,34.6,
07/30/10,4,18,0.075ug/kg,2,7,4,4,5.0,0.0,19,14,9,14,9,9,4,7.3,175,3325,,4,18,0.075ug/kg,3325,,48,2,1663,69,1079,438,,540,219,,22.48,9.11,,64.9,26.3,
07/31/10,5,18,0.075ug/kg,2,5,5,5,5.0,0.0,11,7,6,8,11,6,5,7.3,166,2158,,5,18,0.075ug/kg,2158,,48,2,1079,45,1024,415,,512,208,,21.33,8.65,,94.9,38.5,
08/01/10,6,18,0.075ug/kg,2,9,8,15,10.7,0.0,21,28,32,27,7,6,11,8.0,176,6629,,6,18,0.075ug/kg,6629,,48,2,3315,138,1643,939,,821,469,,34.22,19.56,,49.6,28.3,
08/02/10,7,18,0.075ug/kg,2,8,7,4,6.3,0.0,19,22,27,23,10,13,19,14.0,200,5800,,7,18,0.075ug/kg,5800,,48,2,2900,121,2033,633,,1017,317,,42.36,13.19,,70.1,21.8,
08/03/10,8,18,0.075ug/kg,2,16,16,11,14.3,0.0,14,18,12,15,5,11,7,7.7,171,4959,,8,18,0.075ug/kg,4959,,48,2,2480,103,1881,1226,,941,613,,39.19,25.53,,75.9,49.4,
08/04/10,9,18,0.075ug/kg,2,17,12,15,14.7,0.0,20,18,14,17,12,12,13,12.3,148,4736,,9,18,0.075ug/kg,4736,,48,2,2368,99,1998,1085,,999,543,,41.63,22.61,,84.4,45.8,
08/05/10,10,18,0.075ug/kg,2,3,2,6,3.7,0.0,17,17,18,17,5,5,7,5.7,185,3885,,10,18,0.075ug/kg,3885,,48,2,1943,81,863,339,,432,170,,17.99,7.07,,44.4,17.5,
08/06/10,11,18,0.075ug/kg,2,8,4,8,6.7,0.0,15,12,11,13,11,4,6,7.0,85,1643,,11,18,0.075ug/kg,1643,,50,2,822,33,581,283,,290,142,,11.66,5.69,,70.7,34.5,
08/07/10,12,18,0.075ug/kg,2,11,5,9,8.3,0.0,18,19,19,19,6,4,9,6.3,75,2025,,12,18,0.075ug/kg,2025,,50,2,1013,41,550,313,,275,156,,11.04,6.28,,54.3,30.9,
08/08/10,13,18,0.075ug/kg,2,12,9,8,9.7,0.0,20,17,16,18,9,11,10,10.0,76,2077,,13,18,0.075ug/kg,2077,,50,2,1039,42,747,367,,374,184,,15.01,7.38,,72.0,35.4,
08/09/10,14,18,0.075ug/kg,2,10,12,13,11.7,0.0,8,15,16,13,7,9,11,9.0,52,1283,,15,18,0.075ug/kg,1283,,50,2,641,26,537,303,,269,152,,10.79,6.09,,83.8,47.3,
08/10/10,15,18,0.075ug/kg,2,7,7,11,8.3,0.0,15,16,24,18,13,13,18,14.7,54,1440,,14,18,0.075ug/kg,1440,,49,2,720,29,621,225,,311,113,,12.65,4.58,,86.3,31.3,
08/11/10,16,18,0.075ug/kg,2,12,11,6,9.7,0.0,19,24,18,20,9,16,13,12.7,69,2070,,16,18,0.075ug/kg,2070,,49,2,1035,42,771,334,,385,167,,15.69,6.79,,74.4,32.2,
08/12/10,17,18,0.075ug/kg,2,12,15,12,13.0,0.0,14,16,13,14,12,8,6,8.7,67,1831,,17,18,0.075ug/kg,1831,,49,2,916,37,726,436,,363,218,,14.78,8.87,,79.3,47.6,
08/13/10,18,18,0.075ug/kg,2,25,14,22,20.3,0.0,20,22,23,22,11,14,15,13.3,62,2604,,18,18,0.075ug/kg,2604,,49,2,1302,53,1044,630,,522,315,,21.26,12.84,,80.2,48.4,
08/14/10,19,18,0.075ug/kg,2,5,5,1,3.7,0.0,19,33,33,28,8,5,4,5.7,61,1952,,19,18,0.075ug/kg,1952,,49,2,976,40,285,112,,142,56,,5.82,2.29,,29.2,11.5,
08/15/10,20,18,0.075ug/kg,2,13,3,15,10.3,0.0,24,27,23,25,11,17,12,13.3,81,2835,,20,18,0.075ug/kg,2835,,49,2,1418,58,959,419,,479,209,,19.60,8.56,,67.6,29.5,
08/16/10,21,18,0.075ug/kg,2,26,23,25,24.7,0.0,20,21,20,20,12,15,17,14.7,71,3195,,21,18,0.075ug/kg,3195,,49,2,1598,65,1396,876,,698,438,,28.55,17.91,,87.4,54.8,
08/17/10,22,18,0.075ug/kg,2,8,6,6,6.7,0.0,26,28,22,25,9,11,11,10.3,71,2272,,22,18,0.075ug/kg,2272,,49,2,1136,51,604,237,,302,118,,13.44,5.27,,53.1,20.8,
08/18/10,23,18,0.075ug/kg,2,18,18,18,18.0,0.0,24,23,31,26,10,9,15,11.3,51,2244,,23,18,0.075ug/kg,2244,,45,2,1122,48,748,459,,374,230,,15.85,9.72,,66.7,40.9,
08/19/10,24,18,0.075ug/kg,2,12,14,11,12.3,0.0,41,24,31,32,16,15,16,15.7,61,2704,,24,18,0.075ug/kg,2704,,47,2,1352,57,854,376,,427,188,,18.09,7.97,,63.2,27.8,
,,,,,,,,,,,,,,,,,,,,,,,,,,,,,,,,,,,,,,,,,
